"","PowellStorage","PowellRelease","MeadStorage","decade","Year","month","MonthIndex","LowerBasinConserve","MexicoConserve","DateAsValue","Protect","LowerBasin","Mexico","AvailableWater","Capacity"
"1",6.9194,9265,15.5980056182,1960,1969,0,0,0,0,1969-01-01,5.664593,0,0,9.93341261820001,10.3019943818
"2",7.0992,8297,15.684810368736,1960,1969,0,0,0,0,1969-02-01,5.664593,0,0,10.020217368736,10.215189631264
"3",7.1527,11521,15.707386723496,1960,1969,0,0,0,0,1969-03-01,5.664593,0,0,10.042793723496,10.192613276504
"4",7.7868,14630,15.564875442484,1960,1969,0,0,0,0,1969-04-01,5.664593,0,0,9.90028244248399,10.335124557516
"5",9.2412,12412,15.720293144552,1960,1969,0,0,0,0,1969-05-01,5.664593,0,0,10.055700144552,10.179706855448
"6",9.9484,14710,15.770912195716,1960,1969,0,0,0,0,1969-06-01,5.664593,0,0,10.106319195716,10.129087804284
"7",9.999,15542,15.828119787706,1960,1969,0,0,0,0,1969-07-01,5.664593,0,0,10.163526787706,10.071880212294
"8",9.6087,15120,15.994061688784,1960,1969,0,0,0,0,1969-08-01,5.664593,0,0,10.329468688784,9.905938311216
"9",9.3911,13342,16.21165109021,1960,1969,0,0,0,0,1969-09-01,5.664593,0,0,10.54705809021,9.68834890979
"10",9.5218,10244,16.382562277288,1960,1969,0,0,0,0,1969-10-01,5.664593,0,0,10.717969277288,9.51743772271201
"11",9.4645,11871,16.422450514152,1960,1969,0,0,0,0,1969-11-01,5.664593,0,0,10.757857514152,9.47754948584799
"12",9.2915,13247,16.700173196352,1960,1969,0,0,0,0,1969-12-01,5.664593,0,0,11.035580196352,9.19982680364799
"13",9.069,11488,17.0153947454,1970,1970,0,0,0,0,1970-01-01,5.664593,0,0,11.3508017454,8.8846052546
"14",9.1303,8013,17.1466428787,1970,1970,0,0,0,0,1970-02-01,5.664593,0,0,11.4820498787,8.75335712129999
"15",9.2227,7907,17.10891158344,1970,1970,0,0,0,0,1970-03-01,5.664593,0,0,11.44431858344,8.79108841656
"16",8.8516,15834,16.852114776312,1970,1970,0,0,0,0,1970-04-01,5.664593,0,0,11.187521776312,9.04788522368801
"17",10.1356,14630,16.82278086938,1970,1970,0,0,0,0,1970-05-01,5.664593,0,0,11.15818786938,9.07721913062
"18",11.6797,13445,16.830673726912,1970,1970,0,0,0,0,1970-06-01,5.664593,0,0,11.166080726912,9.06932627308801
"19",11.8466,12500,16.814888011848,1970,1970,0,0,0,0,1970-07-01,5.664593,0,0,11.150295011848,9.085111988152
"20",11.5632,12570,16.792336990328,1970,1970,0,0,0,0,1970-08-01,5.664593,0,0,11.127743990328,9.107663009672
"21",11.6549,11781,16.882637760666,1970,1970,0,0,0,0,1970-09-01,5.664593,0,0,11.218044760666,9.01736223933401
"22",11.7471,8102,17.024508932248,1970,1970,0,0,0,0,1970-10-01,5.664593,0,0,11.359915932248,8.87549106775201
"23",11.8473,7544,16.93246956146,1970,1970,0,0,0,0,1970-11-01,5.664593,0,0,11.26787656146,8.96753043854
"24",11.7412,10905,16.9302018855,1970,1970,0,0,0,0,1970-12-01,5.664593,0,0,11.2656088855,8.9697981145
"25",11.8377,7994,17.06666204642,1970,1971,0,0,0,0,1971-01-01,5.664593,0,0,11.40206904642,8.83333795358
"26",12.0177,7493,17.057547859572,1970,1971,0,0,0,0,1971-02-01,5.664593,0,0,11.392954859572,8.84245214042801
"27",12.037,10415,16.77770450726,1970,1971,0,0,0,0,1971-03-01,5.664593,0,0,11.11311150726,9.12229549273999
"28",12.1107,16985,16.54139406851,1970,1971,0,0,0,0,1971-04-01,5.664593,0,0,10.87680106851,9.35860593149
"29",12.6147,15055,16.579314065126,1970,1971,0,0,0,0,1971-05-01,5.664593,0,0,10.914721065126,9.32068593487399
"30",13.8589,15030,16.627352622644,1970,1971,0,0,0,0,1971-06-01,5.664593,0,0,10.962759622644,9.27264737735601
"31",13.8599,15330,16.71587829572,1970,1971,0,0,0,0,1971-07-01,5.664593,0,0,11.05128529572,9.18412170428001
"32",13.4919,14251,16.870202470744,1970,1971,0,0,0,0,1971-08-01,5.664593,0,0,11.205609470744,9.029797529256
"33",13.1745,13039,17.05526931286,1970,1971,0,0,0,0,1971-09-01,5.664593,0,0,11.39067631286,8.84473068714001
"34",13.1641,9504,17.1420641755,1970,1971,0,0,0,0,1971-10-01,5.664593,0,0,11.4774711755,8.75793582450001
"35",12.9869,12839,17.2326044053,1970,1971,0,0,0,0,1971-11-01,5.664593,0,0,11.5680114053,8.66739559469999
"36",12.6975,15238,17.51431094186,1970,1971,0,0,0,0,1971-12-01,5.664593,0,0,11.84971794186,8.38568905814001
"37",12.5285,13105,17.8995120136,1970,1972,0,0,0,0,1972-01-01,5.664593,0,0,12.2349190136,8.00048798639999
"38",12.6924,7728,18.153521048562,1970,1972,0,0,0,0,1972-02-01,5.664593,0,0,12.488928048562,7.746478951438
"39",13.0193,6140,17.995326774044,1970,1972,0,0,0,0,1972-03-01,5.664593,0,0,12.330733774044,7.90467322595599
"40",12.8,13148,17.430856606768,1970,1972,0,0,0,0,1972-04-01,5.664593,0,0,11.766263606768,8.46914339323201
"41",12.9357,14668,17.271680182852,1970,1972,0,0,0,0,1972-05-01,5.664593,0,0,11.607087182852,8.62831981714799
"42",13.7288,14498,17.2268671711,1970,1972,0,0,0,0,1972-06-01,5.664593,0,0,11.5622741711,8.67313282890001
"43",13.2957,14876,17.25557941918,1970,1972,0,0,0,0,1972-07-01,5.664593,0,0,11.59098641918,8.64442058082001
"44",12.6529,16353,17.283180728332,1970,1972,0,0,0,0,1972-08-01,5.664593,0,0,11.618587728332,8.61681927166801
"45",12.0883,15644,17.449383548592,1970,1972,0,0,0,0,1972-09-01,5.664593,0,0,11.784790548592,8.450616451408
"46",12.6498,10266,17.706689954206,1970,1972,0,0,0,0,1972-10-01,5.664593,0,0,12.042096954206,8.193310045794
"47",12.6918,11281,18.072511126126,1970,1972,0,0,0,0,1972-11-01,5.664593,0,0,12.407918126126,7.82748887387401
"48",12.3623,16538,18.339209807392,1970,1972,0,0,0,0,1972-12-01,5.664593,0,0,12.674616807392,7.560790192608
"49",11.8603,19626,18.8910406375,1970,1973,0,0,0,0,1973-01-01,5.664593,0,0,13.2264476375,7.00895936250001
"50",11.8257,13755,19.4412092654,1970,1973,0,0,0,0,1973-02-01,5.664593,0,0,13.7766162654,6.4587907346
"51",11.5822,17811,19.693553782554,1970,1973,0,0,0,0,1973-03-01,5.664593,0,0,14.028960782554,6.20644621744599
"52",10.8881,28194,20.218532861832,1970,1973,0,0,0,0,1973-04-01,5.664593,0,0,14.553939861832,5.681467138168
"53",13.4083,10537,21.199857232028,1970,1973,0,0,0,0,1973-05-01,5.664593,0,0,15.535264232028,4.70014276797198
"54",15.5878,12615,21.171371842046,1970,1973,0,0,0,0,1973-06-01,5.664593,0,0,15.506778842046,4.72862815795399
"55",16.4968,10672,21.227008957068,1970,1973,0,0,0,0,1973-07-01,5.664593,0,0,15.562415957068,4.67299104293201
"56",16.642,9215,21.030769433212,1970,1973,0,0,0,0,1973-08-01,5.664593,0,0,15.366176433212,4.86923056678799
"57",16.7356,7130,20.680910177144,1970,1973,0,0,0,0,1973-09-01,5.664593,0,0,15.016317177144,5.219089822856
"58",16.7088,8292,20.413113906828,1970,1973,0,0,0,0,1973-10-01,5.664593,0,0,14.748520906828,5.486886093172
"59",16.8369,6932,20.309062845876,1970,1973,0,0,0,0,1973-11-01,5.664593,0,0,14.644469845876,5.590937154124
"60",17.0818,5417,20.20805550108,1970,1973,0,0,0,0,1973-12-01,5.664593,0,0,14.54346250108,5.69194449891999
"61",16.8662,13759,19.97603698654,1970,1974,0,0,0,0,1974-01-01,5.664593,0,0,14.31144398654,5.92396301345999
"62",17.0384,5388,20.397281012292,1970,1974,0,0,0,0,1974-02-01,5.664593,0,0,14.732688012292,5.50271898770799
"63",17.3679,6319,20.127001653168,1970,1974,0,0,0,0,1974-03-01,5.664593,0,0,14.462408653168,5.77299834683201
"64",17.5186,8311,19.72176045551,1970,1974,0,0,0,0,1974-04-01,5.664593,0,0,14.05716745551,6.17823954448999
"65",18.8054,13067,19.26457926876,1970,1974,0,0,0,0,1974-05-01,5.664593,0,0,13.59998626876,6.63542073124001
"66",19.4844,15356,19.055797115788,1970,1974,0,0,0,0,1974-06-01,5.664593,0,0,13.391204115788,6.84420288421199
"67",18.8478,19946,19.04584088726,1970,1974,0,0,0,0,1974-07-01,5.664593,0,0,13.38124788726,6.85415911274001
"68",17.9607,19723,19.330001875038,1970,1974,0,0,0,0,1974-08-01,5.664593,0,0,13.665408875038,6.56999812496201
"69",17.4416,13887,19.51100665548,1970,1974,0,0,0,0,1974-09-01,5.664593,0,0,13.84641365548,6.38899334452001
"70",17.3138,9798,19.59886910075,1970,1974,0,0,0,0,1974-10-01,5.664593,0,0,13.93427610075,6.30113089925
"71",17.158,11936,19.57847868875,1970,1974,0,0,0,0,1974-11-01,5.664593,0,0,13.91388568875,6.32152131125001
"72",17.0107,9175,19.814378327354,1970,1974,0,0,0,0,1974-12-01,5.664593,0,0,14.149785327354,6.08562167264599
"73",16.7055,12495,19.9604797867,1970,1975,0,0,0,0,1975-01-01,5.664593,0,0,14.2958867867,5.93952021330001
"74",16.6519,10007,20.213294181456,1970,1975,0,0,0,0,1975-02-01,5.664593,0,0,14.548701181456,5.686705818544
"75",16.7444,8256,20.166187686048,1970,1975,0,0,0,0,1975-03-01,5.664593,0,0,14.501594686048,5.73381231395199
"76",16.9538,7712,20.003307339442,1970,1975,0,0,0,0,1975-04-01,5.664593,0,0,14.338714339442,5.89669266055799
"77",17.932,14509,19.623155236676,1970,1975,0,0,0,0,1975-05-01,5.664593,0,0,13.958562236676,6.27684476332399
"78",19.6958,16592,19.556813876,1970,1975,0,0,0,0,1975-06-01,5.664593,0,0,13.892220876,6.34318612399999
"79",20.5211,19855,19.661508128636,1970,1975,0,0,0,0,1975-07-01,5.664593,0,0,13.996915128636,6.238491871364
"80",20.11,16613,19.98251915314,1970,1975,0,0,0,0,1975-08-01,5.664593,0,0,14.31792615314,5.91748084685999
"81",19.5805,16240,20.137451261936,1970,1975,0,0,0,0,1975-09-01,5.664593,0,0,14.472858261936,5.76254873806399
"82",19.3773,10358,20.39200338078,1970,1975,0,0,0,0,1975-10-01,5.664593,0,0,14.72741038078,5.50799661922001
"83",19.4561,7143,20.432905024998,1970,1975,0,0,0,0,1975-11-01,5.664593,0,0,14.768312024998,5.46709497500198
"84",19.5557,8460,20.331428220456,1970,1975,0,0,0,0,1975-12-01,5.664593,0,0,14.666835220456,5.56857177954398
"85",19.4043,11253,20.330112079302,1970,1976,0,0,0,0,1976-01-01,5.664593,0,0,14.665519079302,5.56988792069798
"86",19.2228,12901,20.501637426472,1970,1976,0,0,0,0,1976-02-01,5.664593,0,0,14.837044426472,5.39836257352799
"87",19.1245,10994,20.76363412696,1970,1976,0,0,0,0,1976-03-01,5.664593,0,0,15.09904112696,5.13636587303998
"88",19.0533,11095,20.54402469955,1970,1976,0,0,0,0,1976-04-01,5.664593,0,0,14.87943169955,5.35597530044999
"89",19.539,17013,20.336692785072,1970,1976,0,0,0,0,1976-05-01,5.664593,0,0,14.672099785072,5.56330721492799
"90",20.1472,12709,20.430266209242,1970,1976,0,0,0,0,1976-06-01,5.664593,0,0,14.765673209242,5.46973379075799
"91",19.9007,12456,20.440821472266,1970,1976,0,0,0,0,1976-07-01,5.664593,0,0,14.776228472266,5.459178527734
"92",19.4951,11710,20.35906718469,1970,1976,0,0,0,0,1976-08-01,5.664593,0,0,14.69447418469,5.54093281531001
"93",19.0303,14146,20.095704724528,1970,1976,0,0,0,0,1976-09-01,5.664593,0,0,14.431111724528,5.80429527547201
"94",18.6636,12878,20.29987091622,1970,1976,0,0,0,0,1976-10-01,5.664593,0,0,14.63527791622,5.60012908377999
"95",18.2259,15083,20.664921689768,1970,1976,0,0,0,0,1976-11-01,5.664593,0,0,15.000328689768,5.23507831023199
"96",17.8938,13179,21.172726010968,1970,1976,0,0,0,0,1976-12-01,5.664593,0,0,15.508133010968,4.72727398903199
"97",17.4463,16168,21.435557845184,1970,1977,0,0,0,0,1977-01-01,5.664593,0,0,15.770964845184,4.46444215481601
"98",17.4148,8481,22.147443774286,1970,1977,0,0,0,0,1977-02-01,5.664593,0,0,16.482850774286,3.752556225714
"99",17.3734,7456,22.00340705908,1970,1977,0,0,0,0,1977-03-01,5.664593,0,0,16.33881405908,3.89659294091999
"100",17.5531,2752,21.591945659306,1970,1977,0,0,0,0,1977-04-01,5.664593,0,0,15.927352659306,4.308054340694
"101",17.7608,3344,20.79037204328,1970,1977,0,0,0,0,1977-05-01,5.664593,0,0,15.12577904328,5.10962795672001
"102",17.682,7829,20.356434902382,1970,1977,0,0,0,0,1977-06-01,5.664593,0,0,14.691841902382,5.54356509761801
"103",17.1438,13782,19.877618916048,1970,1977,0,0,0,0,1977-07-01,5.664593,0,0,14.213025916048,6.02238108395199
"104",16.3054,19155,19.771886669828,1970,1977,0,0,0,0,1977-08-01,5.664593,0,0,14.107293669828,6.12811333017201
"105",15.6243,16420,20.021506140118,1970,1977,0,0,0,0,1977-09-01,5.664593,0,0,14.356913140118,5.878493859882
"106",15.5027,6166,20.442140880144,1970,1977,0,0,0,0,1977-10-01,5.664593,0,0,14.777547880144,5.457859119856
"107",15.3841,6554,20.426307985608,1970,1977,0,0,0,0,1977-11-01,5.664593,0,0,14.761714985608,5.47369201439201
"108",14.8658,13392,20.285426455332,1970,1977,0,0,0,0,1977-12-01,5.664593,0,0,14.620833455332,5.614573544668
"109",14.3099,15412,20.487092425628,1970,1978,0,0,0,0,1978-01-01,5.664593,0,0,14.822499425628,5.41290757437201
"110",14.0598,10829,21.193069300768,1970,1978,0,0,0,0,1978-02-01,5.664593,0,0,15.528476300768,4.70693069923201
"111",14.0575,9421,21.401378534384,1970,1978,0,0,0,0,1978-03-01,5.664593,0,0,15.736785534384,4.49862146561601
"112",14.5102,8273,21.513646362744,1970,1978,0,0,0,0,1978-04-01,5.664593,0,0,15.849053362744,4.38635363725599
"113",15.4989,10530,21.199857232028,1970,1978,0,0,0,0,1978-05-01,5.664593,0,0,15.535264232028,4.70014276797198
"114",17.1792,12740,20.988998210164,1970,1978,0,0,0,0,1978-06-01,5.664593,0,0,15.324405210164,4.91100178983601
"115",17.5094,11412,21.013252468708,1970,1978,0,0,0,0,1978-07-01,5.664593,0,0,15.348659468708,4.886747531292
"116",16.7055,17320,20.818480512998,1970,1978,0,0,0,0,1978-08-01,5.664593,0,0,15.153887512998,5.08151948700201
"117",16.03,16277,20.876107063808,1970,1978,0,0,0,0,1978-09-01,5.664593,0,0,15.211514063808,5.023892936192
"118",15.691,11132,21.103685424638,1970,1978,0,0,0,0,1978-10-01,5.664593,0,0,15.439092424638,4.79631457536199
"119",15.5517,11281,21.274584329422,1970,1978,0,0,0,0,1978-11-01,5.664593,0,0,15.609991329422,4.62541567057799
"120",15.1789,14459,21.55347188395,1970,1978,0,0,0,0,1978-12-01,5.664593,0,0,15.88887888395,4.34652811605
"121",14.7299,16563,22.189548536866,1970,1979,0,0,0,0,1979-01-01,5.664593,0,0,16.524955536866,3.710451463134
"122",14.6355,13438,22.974721852354,1970,1979,0,0,0,0,1979-02-01,5.664593,0,0,17.310128852354,2.92527814764601
"123",15.4303,3324,23.524034339558,1970,1979,0,0,0,0,1979-03-01,5.664593,0,0,17.859441339558,2.37596566044202
"124",16.7635,5738,23.29467526752,1970,1979,0,0,0,0,1979-04-01,5.664593,0,0,17.63008226752,2.60532473248
"125",18.9964,8415,23.145163506496,1970,1979,0,0,0,0,1979-05-01,5.664593,0,0,17.480570506496,2.754836493504
"126",21.3227,10323,22.79083613732,1970,1979,0,0,0,0,1979-06-01,5.664593,0,0,17.12624313732,3.10916386268001
"127",21.9006,13980,22.4985978607,1970,1979,0,0,0,0,1979-07-01,5.664593,0,0,16.8340048607,3.4014021393
"128",21.3796,17301,22.407944320244,1970,1979,0,0,0,0,1979-08-01,5.664593,0,0,16.743351320244,3.49205567975601
"129",20.9888,11535,22.528428872974,1970,1979,0,0,0,0,1979-09-01,5.664593,0,0,16.863835872974,3.37157112702599
"130",20.706,10049,22.47025304694,1970,1979,0,0,0,0,1979-10-01,5.664593,0,0,16.80566004694,3.42974695306001
"131",20.333,13477,22.444742714556,1970,1979,0,0,0,0,1979-11-01,5.664593,0,0,16.780149714556,3.45525728544402
"132",20.2176,10366,22.660794266824,1970,1979,0,0,0,0,1979-12-01,5.664593,0,0,16.996201266824,3.23920573317599
"133",20.2667,9825,22.851045691088,1980,1980,0,0,0,0,1980-01-01,5.664593,0,0,17.186452691088,3.04895430891199
"134",20.4401,10697,22.997764843362,1980,1980,0,0,0,0,1980-02-01,5.664593,0,0,17.333171843362,2.902235156638
"135",20.6216,9851,23.748032842436,1980,1980,0,0,0,0,1980-03-01,5.664593,0,0,18.083439842436,2.15196715756398
"136",20.9221,14505,23.562229069586,1980,1980,0,0,0,0,1980-04-01,5.664593,0,0,17.897636069586,2.33777093041402
"137",23.0227,13750,23.42592682436,1980,1980,0,0,0,0,1980-05-01,5.664593,0,0,17.76133382436,2.47407317563999
"138",24.4085,24740,23.133587052012,1980,1980,0,0,0,0,1980-06-01,5.664593,0,0,17.468994052012,2.76641294798799
"139",23.754,25778,23.474208976016,1980,1980,0,0,0,0,1980-07-01,5.664593,0,0,17.809615976016,2.425791023984
"140",22.8315,20794,23.82503651856,1980,1980,0,0,0,0,1980-08-01,5.664593,0,0,18.16044351856,2.07496348143998
"141",22.4196,16490,23.814653920572,1980,1980,0,0,0,0,1980-09-01,5.664593,0,0,18.150060920572,2.08534607942801
"142",22.0715,12637,23.865083682228,1980,1980,0,0,0,0,1980-10-01,5.664593,0,0,18.200490682228,2.03491631777199
"143",21.6757,15729,23.61226351595,1980,1980,0,0,0,0,1980-11-01,5.664593,0,0,17.94767051595,2.28773648404999
"144",21.4504,12447,23.681557161196,1980,1980,0,0,0,0,1980-12-01,5.664593,0,0,18.016964161196,2.21844283880399
"145",21.2007,12124,23.563698097664,1980,1981,0,0,0,0,1981-01-01,5.664593,0,0,17.899105097664,2.33630190233599
"146",20.9864,11530,23.666795489476,1980,1981,0,0,0,0,1981-02-01,5.664593,0,0,18.002202489476,2.23320451052401
"147",20.9373,7524,23.774670532532,1980,1981,0,0,0,0,1981-03-01,5.664593,0,0,18.110077532532,2.12532946746801
"148",20.8654,7943,23.45664407792,1980,1981,0,0,0,0,1981-04-01,5.664593,0,0,17.79205107792,2.44335592207999
"149",20.9387,8992,22.918573766212,1980,1981,0,0,0,0,1981-05-01,5.664593,0,0,17.253980766212,2.98142623378799
"150",21.352,8857,22.600948729184,1980,1981,0,0,0,0,1981-06-01,5.664593,0,0,16.936355729184,3.29905127081599
"151",20.9429,13753,22.24434969178,1980,1981,0,0,0,0,1981-07-01,5.664593,0,0,16.57975669178,3.65565030821999
"152",20.3233,14691,22.12923936036,1980,1981,0,0,0,0,1981-08-01,5.664593,0,0,16.46464636036,3.77076063963998
"153",20.1157,11212,22.11523859216,1980,1981,0,0,0,0,1981-09-01,5.664593,0,0,16.45064559216,3.78476140784
"154",20.1128,9900,22.09983774714,1980,1981,0,0,0,0,1981-10-01,5.664593,0,0,16.43524474714,3.80016225285999
"155",19.9373,9827,22.302061894508,1980,1981,0,0,0,0,1981-11-01,5.664593,0,0,16.637468894508,3.59793810549201
"156",19.4956,13627,22.487259935196,1980,1981,0,0,0,0,1981-12-01,5.664593,0,0,16.822666935196,3.41274006480399
"157",18.9932,14511,22.895581987044,1980,1982,0,0,0,0,1982-01-01,5.664593,0,0,17.230988987044,3.004418012956
"158",18.8599,12193,23.310697787,1980,1982,0,0,0,0,1982-02-01,5.664593,0,0,17.646104787,2.58930221299999
"159",19.0212,8273,23.491773874112,1980,1982,0,0,0,0,1982-03-01,5.664593,0,0,17.827180874112,2.40822612588799
"160",19.2402,10313,23.29176208216,1980,1982,0,0,0,0,1982-04-01,5.664593,0,0,17.62716908216,2.60823791784
"161",20.4852,10022,22.89845595944,1980,1982,0,0,0,0,1982-05-01,5.664593,0,0,17.23386295944,3.00154404056001
"162",21.9881,10658,22.702176858388,1980,1982,0,0,0,0,1982-06-01,5.664593,0,0,17.037583858388,3.19782314161199
"163",22.3532,12959,22.629425682624,1980,1982,0,0,0,0,1982-07-01,5.664593,0,0,16.964832682624,3.27057431737598
"164",22.246,14914,22.637968768656,1980,1982,0,0,0,0,1982-08-01,5.664593,0,0,16.973375768656,3.26203123134399
"165",22.341,10375,22.76793776713,1980,1982,0,0,0,0,1982-09-01,5.664593,0,0,17.10334476713,3.13206223286998
"166",22.3984,12886,22.993444282548,1980,1982,0,0,0,0,1982-10-01,5.664593,0,0,17.328851282548,2.906555717452
"167",22.1886,16384,23.29758845288,1980,1982,0,0,0,0,1982-11-01,5.664593,0,0,17.63299545288,2.60241154712001
"168",21.9608,15878,23.841352029684,1980,1982,0,0,0,0,1982-12-01,5.664593,0,0,18.176759029684,2.058647970316
"169",21.7497,14859,24.381593747018,1980,1983,0,0,0,0,1983-01-01,5.664593,0,0,18.717000747018,1.51840625298201
"170",21.5738,15495,24.150026258618,1980,1983,0,0,0,0,1983-02-01,5.664593,0,0,18.485433258618,1.74997374138201
"171",21.9428,10742,24.6663930781,1980,1983,0,0,0,0,1983-03-01,5.664593,0,0,19.0018000781,1.23360692189999
"172",22.1192,15987,24.870759051424,1980,1983,0,0,0,0,1983-04-01,5.664593,0,0,19.206166051424,1.02924094857601
"173",23.5441,20471,24.82032888322,1980,1983,0,0,0,0,1983-05-01,5.664593,0,0,19.15573588322,1.07967111678
"174",25.493,55690,24.984109096274,1980,1983,0,0,0,0,1983-06-01,5.664593,0,0,19.319516096274,0.915890903726009
"175",25.5463,54800,26.219977268784,1980,1983,0,0,0,0,1983-07-01,5.664593,0,0,20.555384268784,-0.319977268783997
"176",25.0444,29817,27.043938060144,1980,1983,0,0,0,0,1983-08-01,5.664593,0,0,21.379345060144,-1.14393806014401
"177",24.143,26700,26.52092351279,1980,1983,0,0,0,0,1983-09-01,5.664593,0,0,20.85633051279,-0.620923512790014
"178",23.4106,25633,25.896004573628,1980,1983,0,0,0,0,1983-10-01,5.664593,0,0,20.231411573628,0.00399542637199346
"179",22.7281,23794,25.445382377964,1980,1983,0,0,0,0,1983-11-01,5.664593,0,0,19.780789377964,0.454617622036007
"180",22.0349,23439,25.145484660012,1980,1983,0,0,0,0,1983-12-01,5.664593,0,0,19.480891660012,0.754515339987982
"181",21.3385,23391,24.984109096274,1980,1984,0,0,0,0,1984-01-01,5.664593,0,0,19.319516096274,0.915890903726009
"182",20.8304,24049,24.601056378988,1980,1984,0,0,0,0,1984-02-01,5.664593,0,0,18.936463378988,1.29894362101201
"183",20.4147,23981,24.27614060879,1980,1984,0,0,0,0,1984-03-01,5.664593,0,0,18.61154760879,1.62385939120999
"184",20.4245,25100,24.03334215686,1980,1984,0,0,0,0,1984-04-01,5.664593,0,0,18.36874915686,1.86665784314
"185",22.4246,41452,24.012448991108,1980,1984,0,0,0,0,1984-05-01,5.664593,0,0,18.347855991108,1.88755100889199
"186",24.5317,42691,24.588914715916,1980,1984,0,0,0,0,1984-06-01,5.664593,0,0,18.924321715916,1.31108528408399
"187",24.6728,35894,24.959573443826,1980,1984,0,0,0,0,1984-07-01,5.664593,0,0,19.294980443826,0.940426556173986
"188",24.3831,25430,25.074706940312,1980,1984,0,0,0,0,1984-08-01,5.664593,0,0,19.410113940312,0.82529305968799
"189",23.6738,23817,24.8417120271,1980,1984,0,0,0,0,1984-09-01,5.664593,0,0,19.1771190271,1.05828797289999
"190",23.2632,21730,24.637499430628,1980,1984,0,0,0,0,1984-10-01,5.664593,0,0,18.972906430628,1.262500569372
"191",22.6326,24767,24.42084467086,1980,1984,0,0,0,0,1984-11-01,5.664593,0,0,18.75625167086,1.47915532913999
"192",21.9625,24362,24.369529174106,1980,1984,0,0,0,0,1984-12-01,5.664593,0,0,18.704936174106,1.530470825894
"193",21.3335,25133,24.3107482826,1980,1985,0,0,0,0,1985-01-01,5.664593,0,0,18.6461552826,1.58925171739998
"194",20.701,26743,24.16799882117,1980,1985,0,0,0,0,1985-02-01,5.664593,0,0,18.50340582117,1.73200117882999
"195",20.7509,20246,24.127560555428,1980,1985,0,0,0,0,1985-03-01,5.664593,0,0,18.462967555428,1.77243944457199
"196",21.9369,20580,24.090139114196,1980,1985,0,0,0,0,1985-04-01,5.664593,0,0,18.425546114196,1.80986088580399
"197",23.6214,34413,24.049783381352,1980,1985,0,0,0,0,1985-05-01,5.664593,0,0,18.385190381352,1.85021661864799
"198",24.3423,40214,24.602574086872,1980,1985,0,0,0,0,1985-06-01,5.664593,0,0,18.937981086872,1.29742591312801
"199",23.8646,28484,25.2797036672,1980,1985,0,0,0,0,1985-07-01,5.664593,0,0,19.6151106672,0.620296332799999
"200",22.8681,26568,25.23335867016,1980,1985,0,0,0,0,1985-08-01,5.664593,0,0,19.56876567016,0.66664132983999
"201",22.0966,23404,25.054733767144,1980,1985,0,0,0,0,1985-09-01,5.664593,0,0,19.390140767144,0.845266232856005
"202",22.1821,11705,25.108545795036,1980,1985,0,0,0,0,1985-10-01,5.664593,0,0,19.443952795036,0.791454204963983
"203",22.2182,11903,24.80505520902,1980,1985,0,0,0,0,1985-11-01,5.664593,0,0,19.14046220902,1.09494479097999
"204",22.3267,10948,24.44049066372,1980,1985,0,0,0,0,1985-12-01,5.664593,0,0,18.77589766372,1.45950933628
"205",22.0859,16217,23.949826684298,1980,1986,0,0,0,0,1986-01-01,5.664593,0,0,18.285233684298,1.950173315702
"206",21.7846,20725,23.37482022721,1980,1986,0,0,0,0,1986-02-01,5.664593,0,0,17.71022722721,2.52517977279001
"207",21.359,24807,23.540193648416,1980,1986,0,0,0,0,1986-03-01,5.664593,0,0,17.875600648416,2.359806351584
"208",21.5614,29127,23.50055632316,1980,1986,0,0,0,0,1986-04-01,5.664593,0,0,17.83596332316,2.39944367683999
"209",22.0108,44833,23.844318486252,1980,1986,0,0,0,0,1986-05-01,5.664593,0,0,18.179725486252,2.055681513748
"210",23.5279,35044,24.349924243124,1980,1986,0,0,0,0,1986-06-01,5.664593,0,0,18.685331243124,1.55007575687599
"211",24.2772,21636,24.648144458644,1980,1986,0,0,0,0,1986-07-01,5.664593,0,0,18.983551458644,1.25185554135598
"212",23.4854,25278,24.196508006672,1980,1986,0,0,0,0,1986-08-01,5.664593,0,0,18.531915006672,1.70349199332798
"213",22.6956,27120,24.25357038674,1980,1986,0,0,0,0,1986-09-01,5.664593,0,0,18.58897738674,1.64642961326
"214",22.6344,18759,24.45106927526,1980,1986,0,0,0,0,1986-10-01,5.664593,0,0,18.78647627526,1.44893072474001
"215",22.4578,21070,24.4314232824,1980,1986,0,0,0,0,1986-11-01,5.664593,0,0,18.7668302824,1.46857671759999
"216",21.9015,25020,24.593467839568,1980,1986,0,0,0,0,1986-12-01,5.664593,0,0,18.928874839568,1.306532160432
"217",21.1241,26271,24.687683134132,1980,1987,0,0,0,0,1987-01-01,5.664593,0,0,19.023090134132,1.21231686586798
"218",20.9189,20454,24.663351641524,1980,1987,0,0,0,0,1987-02-01,5.664593,0,0,18.998758641524,1.23664835847599
"219",21.1747,13639,24.7166040425,1980,1987,0,0,0,0,1987-03-01,5.664593,0,0,19.0520110425,1.18339595750001
"220",21.9146,13425,24.41177728954,1980,1987,0,0,0,0,1987-04-01,5.664593,0,0,18.74718428954,1.48822271046001
"221",23.4614,12393,24.27614060879,1980,1987,0,0,0,0,1987-05-01,5.664593,0,0,18.61154760879,1.62385939120999
"222",24.0622,16595,24.024377775012,1980,1987,0,0,0,0,1987-06-01,5.664593,0,0,18.359784775012,1.875622224988
"223",23.7003,17733,24.11557884706,1980,1987,0,0,0,0,1987-07-01,5.664593,0,0,18.45098584706,1.78442115294002
"224",23.0008,20842,24.2957014679,1980,1987,0,0,0,0,1987-08-01,5.664593,0,0,18.6311084679,1.60429853210001
"225",22.4405,16354,24.561595974004,1980,1987,0,0,0,0,1987-09-01,5.664593,0,0,18.897002974004,1.33840402599601
"226",22.4162,8431,24.596503255336,1980,1987,0,0,0,0,1987-10-01,5.664593,0,0,18.931910255336,1.30349674466401
"227",22.3617,12058,24.42991205218,1980,1987,0,0,0,0,1987-11-01,5.664593,0,0,18.76531905218,1.47008794781999
"228",22.0411,12940,24.63597871234,1980,1987,0,0,0,0,1987-12-01,5.664593,0,0,18.97138571234,1.26402128766
"229",21.7048,13371,24.78519943256,1980,1988,0,0,0,0,1988-01-01,5.664593,0,0,19.12060643256,1.11480056744
"230",21.5145,13607,24.80658257644,1980,1988,0,0,0,0,1988-02-01,5.664593,0,0,19.14198957644,1.09341742355999
"231",21.5056,11238,24.88759314602,1980,1988,0,0,0,0,1988-03-01,5.664593,0,0,19.22300014602,1.01240685397999
"232",21.7891,9456,24.7409900569,1980,1988,0,0,0,0,1988-04-01,5.664593,0,0,19.0763970569,1.1590099431
"233",22.4492,9040,24.380085675404,1980,1988,0,0,0,0,1988-05-01,5.664593,0,0,18.715492675404,1.51991432459601
"234",23.2,8852,24.060245978756,1980,1988,0,0,0,0,1988-06-01,5.664593,0,0,18.395652978756,1.83975402124399
"235",22.903,11581,23.6078439329,1980,1988,0,0,0,0,1988-07-01,5.664593,0,0,17.9432509329,2.29215606709999
"236",22.4597,12539,23.35148238204,1980,1988,0,0,0,0,1988-08-01,5.664593,0,0,17.68688938204,2.54851761795999
"237",22.0871,11564,23.081507814588,1980,1988,0,0,0,0,1988-09-01,5.664593,0,0,17.416914814588,2.81849218541201
"238",21.874951,8315,23.022301435388,1980,1988,0,0,0,0,1988-10-01,5.664593,0,0,17.357708435388,2.87769856461199
"239",21.565597,10055,23.02085791007,1980,1988,0,0,0,0,1988-11-01,5.664593,0,0,17.35626491007,2.87914208992999
"240",21.223122,10193,23.065607194928,1980,1988,0,0,0,0,1988-12-01,5.664593,0,0,17.401014194928,2.83439280507199
"241",20.765699,11900,23.1075474333,1980,1989,0,0,0,0,1989-01-01,5.664593,0,0,17.4429544333,2.7924525667
"242",20.483744,11670,23.347112604,1980,1989,0,0,0,0,1989-02-01,5.664593,0,0,17.682519604,2.55288739599998
"243",20.482326,9554,23.506411289192,1980,1989,0,0,0,0,1989-03-01,5.664593,0,0,17.841818289192,2.393588710808
"244",20.659984,9087,23.184311781088,1980,1989,0,0,0,0,1989-04-01,5.664593,0,0,17.519718781088,2.715688218912
"245",20.94519,8581,22.76221756125,1980,1989,0,0,0,0,1989-05-01,5.664593,0,0,17.09762456125,3.13778243875001
"246",20.921271,12392,22.08863713258,1980,1989,0,0,0,0,1989-06-01,5.664593,0,0,16.42404413258,3.81136286742001
"247",20.339619,13184,21.78382913826,1980,1989,0,0,0,0,1989-07-01,5.664593,0,0,16.11923613826,4.11617086173998
"248",19.805292,14086,21.689808563268,1980,1989,0,0,0,0,1989-08-01,5.664593,0,0,16.025215563268,4.210191436732
"249",19.183233,13357,21.64565991884,1980,1989,0,0,0,0,1989-09-01,5.664593,0,0,15.98106691884,4.25434008115998
"250",18.947699,8908,21.758916904188,1980,1989,0,0,0,0,1989-10-01,5.664593,0,0,16.094323904188,4.141083095812
"251",18.668673,9763,21.66633638712,1980,1989,0,0,0,0,1989-11-01,5.664593,0,0,16.00174338712,4.23366361288
"252",18.291767,10479,21.593322948012,1980,1989,0,0,0,0,1989-12-01,5.664593,0,0,15.928729948012,4.306677051988
"253",17.922869,11220,21.70085429322,1990,1990,0,0,0,0,1990-01-01,5.664593,0,0,16.03626129322,4.19914570678
"254",17.613525,10680,21.8670217597,1990,1990,0,0,0,0,1990-02-01,5.664593,0,0,16.2024287597,4.0329782403
"255",17.344273,10413,21.97135821945,1990,1990,0,0,0,0,1990-03-01,5.664593,0,0,16.30676521945,3.92864178055
"256",17.154802,9842,21.667717103364,1990,1990,0,0,0,0,1990-04-01,5.664593,0,0,16.003124103364,4.23228289663601
"257",17.065576,10234,21.301799058182,1990,1990,0,0,0,0,1990-05-01,5.664593,0,0,15.637206058182,4.59820094181798
"258",17.279285,12623,20.901594834056,1990,1990,0,0,0,0,1990-06-01,5.664593,0,0,15.237001834056,4.99840516594399
"259",16.883207,12873,20.651597950288,1990,1990,0,0,0,0,1990-07-01,5.664593,0,0,14.987004950288,5.24840204971201
"260",16.12857,15841,20.311689111492,1990,1990,0,0,0,0,1990-08-01,5.664593,0,0,14.647096111492,5.588310888508
"261",15.72266,11979,20.223771542208,1990,1990,0,0,0,0,1990-09-01,5.664593,0,0,14.559178542208,5.67622845779201
"262",15.696996,7387,20.381448117756,1990,1990,0,0,0,0,1990-10-01,5.664593,0,0,14.716855117756,5.518551882244
"263",15.563466,8351,20.23424890296,1990,1990,0,0,0,0,1990-11-01,5.664593,0,0,14.56965590296,5.66575109703998
"264",15.246237,9476,20.187100779576,1990,1990,0,0,0,0,1990-12-01,5.664593,0,0,14.522507779576,5.712899220424
"265",14.9325,11001,20.102219511988,1990,1991,0,0,0,0,1991-01-01,5.664593,0,0,14.437626511988,5.79778048801199
"266",14.741149,10624,20.298557783412,1990,1991,0,0,0,0,1991-02-01,5.664593,0,0,14.633964783412,5.60144221658799
"267",14.602391,9602,20.386725749268,1990,1991,0,0,0,0,1991-03-01,5.664593,0,0,14.722132749268,5.513274250732
"268",14.586921,9334,20.288052720948,1990,1991,0,0,0,0,1991-04-01,5.664593,0,0,14.623459720948,5.61194727905201
"269",15.112027,12507,20.09049289456,1990,1991,0,0,0,0,1991-05-01,5.664593,0,0,14.42589989456,5.80950710544001
"270",15.887665,13429,19.846613043904,1990,1991,0,0,0,0,1991-06-01,5.664593,0,0,14.182020043904,6.05338695609599
"271",15.488352,15102,19.685861053566,1990,1991,0,0,0,0,1991-07-01,5.664593,0,0,14.021268053566,6.21413894643399
"272",14.989915,14452,19.509735815054,1990,1991,0,0,0,0,1991-08-01,5.664593,0,0,13.845142815054,6.390264184946
"273",14.69888,13282,19.462746345964,1990,1991,0,0,0,0,1991-09-01,5.664593,0,0,13.798153345964,6.43725365403599
"274",14.546049,8777,19.474152283126,1990,1991,0,0,0,0,1991-10-01,5.664593,0,0,13.809559283126,6.425847716874
"275",14.474481,9686,19.312374476802,1990,1991,0,0,0,0,1991-11-01,5.664593,0,0,13.647781476802,6.587625523198
"276",14.251493,11069,19.323706375668,1990,1991,0,0,0,0,1991-12-01,5.664593,0,0,13.659113375668,6.57629362433201
"277",13.897188,12761,19.528798421444,1990,1992,0,0,0,0,1992-01-01,5.664593,0,0,13.864205421444,6.37120157855599
"278",13.745243,11110,20.01890631145,1990,1992,0,0,0,0,1992-02-01,5.664593,0,0,14.35431331145,5.88109368855
"279",13.698705,9650,20.302497181836,1990,1992,0,0,0,0,1992-03-01,5.664593,0,0,14.637904181836,5.59750281816399
"280",13.913188,9591,20.419710946218,1990,1992,0,0,0,0,1992-04-01,5.664593,0,0,14.755117946218,5.480289053782
"281",14.934751,9504,20.349854196612,1990,1992,0,0,0,0,1992-05-01,5.664593,0,0,14.685261196612,5.550145803388
"282",15.275925,11139,20.026705797454,1990,1992,0,0,0,0,1992-06-01,5.664593,0,0,14.362112797454,5.87329420254601
"283",14.913406,13804,19.737171334994,1990,1992,0,0,0,0,1992-07-01,5.664593,0,0,14.072578334994,6.16282866500601
"284",14.42725,13639,19.5899482955,1990,1992,0,0,0,0,1992-08-01,5.664593,0,0,13.9253552955,6.31005170449999
"285",14.084829,11482,19.54789307075,1990,1992,0,0,0,0,1992-09-01,5.664593,0,0,13.88330007075,6.35210692925001
"286",13.891849,8713,19.656394409708,1990,1992,0,0,0,0,1992-10-01,5.664593,0,0,13.991801409708,6.24360559029199
"287",13.703991,9815,19.687143175064,1990,1992,0,0,0,0,1992-11-01,5.664593,0,0,14.022550175064,6.21285682493599
"288",13.334385,11039,19.78602995439,1990,1992,0,0,0,0,1992-12-01,5.664593,0,0,14.12143695439,6.11397004560999
"289",13.104284,12749,19.96825838662,1990,1993,0,0,0,0,1993-01-01,5.664593,0,0,14.30366538662,5.93174161338001
"290",12.993802,11499,20.862692447888,1990,1993,0,0,0,0,1993-02-01,5.664593,0,0,15.198099447888,5.03730755211199
"291",13.412363,9721,21.711900023172,1990,1993,0,0,0,0,1993-03-01,5.664593,0,0,16.047307023172,4.18809997682798
"292",14.159317,9955,22.210600918156,1990,1993,0,0,0,0,1993-04-01,5.664593,0,0,16.546007918156,3.68939908184399
"293",16.804762,9642,22.151654250544,1990,1993,0,0,0,0,1993-05-01,5.664593,0,0,16.487061250544,3.748345749456
"294",19.337327,10312,21.765836969208,1990,1993,0,0,0,0,1993-06-01,5.664593,0,0,16.101243969208,4.134163030792
"295",19.526472,14578,21.490342733402,1990,1993,0,0,0,0,1993-07-01,5.664593,0,0,15.825749733402,4.409657266598
"296",19.074333,15088,21.34404928148,1990,1993,0,0,0,0,1993-08-01,5.664593,0,0,15.67945628148,4.55595071851999
"297",18.824804,11111,21.509533957566,1990,1993,0,0,0,0,1993-09-01,5.664593,0,0,15.844940957566,4.39046604243399
"298",18.790311,8664,21.61122770119,1990,1993,0,0,0,0,1993-10-01,5.664593,0,0,15.94663470119,4.28877229880998
"299",18.693737,10316,21.46018509543,1990,1993,0,0,0,0,1993-11-01,5.664593,0,0,15.79559209543,4.43981490457
"300",18.402435,12942,21.51501716447,1990,1993,0,0,0,0,1993-12-01,5.664593,0,0,15.85042416447,4.38498283552999
"301",18.122129,13020,21.55621977185,1990,1994,0,0,0,0,1994-01-01,5.664593,0,0,15.89162677185,4.34378022815
"302",17.851241,12493,21.740924735136,1990,1994,0,0,0,0,1994-02-01,5.664593,0,0,16.076331735136,4.15907526486401
"303",17.784914,10071,21.862860610216,1990,1994,0,0,0,0,1994-03-01,5.664593,0,0,16.198267610216,4.037139389784
"304",17.720033,10521,21.52324511705,1990,1994,0,0,0,0,1994-04-01,5.664593,0,0,15.85865211705,4.37675488295
"305",18.627816,9943,21.037506727252,1990,1994,0,0,0,0,1994-05-01,5.664593,0,0,15.372913727252,4.86249327274799
"306",19.245283,10630,20.595761403208,1990,1994,0,0,0,0,1994-06-01,5.664593,0,0,14.931168403208,5.30423859679199
"307",18.724121,13904,20.302497181836,1990,1994,0,0,0,0,1994-07-01,5.664593,0,0,14.637904181836,5.59750281816399
"308",18.089882,14207,20.243416593618,1990,1994,0,0,0,0,1994-08-01,5.664593,0,0,14.578823593618,5.65658340638199
"309",17.772167,10661,20.147900870704,1990,1994,0,0,0,0,1994-09-01,5.664593,0,0,14.483307870704,5.752099129296
"310",17.68448,8172,20.16880008824,1990,1994,0,0,0,0,1994-10-01,5.664593,0,0,14.50420708824,5.73119991175999
"311",17.516298,8450,20.09049289456,1990,1994,0,0,0,0,1994-11-01,5.664593,0,0,14.42589989456,5.80950710544001
"312",17.220702,11070,19.814378327354,1990,1994,0,0,0,0,1994-12-01,5.664593,0,0,14.149785327354,6.08562167264599
"313",16.842725,12302,19.9280689537,1990,1995,0,0,0,0,1995-01-01,5.664593,0,0,14.2634759537,5.97193104630001
"314",16.569855,11781,20.427627393486,1990,1995,0,0,0,0,1995-02-01,5.664593,0,0,14.763034393486,5.47237260651401
"315",16.626838,9832,20.720904748592,1990,1995,0,0,0,0,1995-03-01,5.664593,0,0,15.056311748592,5.17909525140801
"316",16.786431,10646,20.679577803196,1990,1995,0,0,0,0,1995-04-01,5.664593,0,0,15.014984803196,5.220422196804
"317",18.350285,10165,20.336692785072,1990,1995,0,0,0,0,1995-05-01,5.664593,0,0,14.672099785072,5.56330721492799
"318",21.29887,16497,20.159656680568,1990,1995,0,0,0,0,1995-06-01,5.664593,0,0,14.495063680568,5.74034331943201
"319",23.307302,17468,20.251285002324,1990,1995,0,0,0,0,1995-07-01,5.664593,0,0,14.586692002324,5.648714997676
"320",22.972229,18265,20.477836516,1990,1995,0,0,0,0,1995-08-01,5.664593,0,0,14.813243516,5.422163484
"321",22.31124,18237,20.60373512044,1990,1995,0,0,0,0,1995-09-01,5.664593,0,0,14.93914212044,5.29626487955999
"322",21.933068,14742,20.94863581092,1990,1995,0,0,0,0,1995-10-01,5.664593,0,0,15.28404281092,4.95136418908
"323",21.68064,14384,21.197142059524,1990,1995,0,0,0,0,1995-11-01,5.664593,0,0,15.532549059524,4.70285794047602
"324",21.392359,14726,21.68014354956,1990,1995,0,0,0,0,1995-12-01,5.664593,0,0,16.01555054956,4.21985645043999
"325",20.946632,15855,21.855925361076,1990,1996,0,0,0,0,1996-01-01,5.664593,0,0,16.191332361076,4.04407463892399
"326",20.692796,14304,22.20919742607,1990,1996,0,0,0,0,1996-02-01,5.664593,0,0,16.54460442607,3.69080257392999
"327",20.22009,18420,22.259823834684,1990,1996,0,0,0,0,1996-03-01,5.664593,0,0,16.595230834684,3.64017616531601
"328",20.186442,18686,22.259823834684,1990,1996,0,0,0,0,1996-04-01,5.664593,0,0,16.595230834684,3.64017616531601
"329",21.38943,17023,22.1110383617,1990,1996,0,0,0,0,1996-05-01,5.664593,0,0,16.4464453617,3.7889616383
"330",22.409548,17560,21.90316215724,1990,1996,0,0,0,0,1996-06-01,5.664593,0,0,16.23856915724,3.99683784276
"331",22.219242,16062,21.787981177272,1990,1996,0,0,0,0,1996-07-01,5.664593,0,0,16.123388177272,4.11201882272799
"332",21.580303,14811,21.764452956204,1990,1996,0,0,0,0,1996-08-01,5.664593,0,0,16.099859956204,4.135547043796
"333",21.154837,13822,21.731236644108,1990,1996,0,0,0,0,1996-09-01,5.664593,0,0,16.066643644108,4.168763355892
"334",20.968236,10837,21.844828962452,1990,1996,0,0,0,0,1996-10-01,5.664593,0,0,16.180235962452,4.05517103754801
"335",20.894802,10639,21.94488309106,1990,1996,0,0,0,0,1996-11-01,5.664593,0,0,16.28029009106,3.95511690894001
"336",20.497895,14746,22.10543805442,1990,1996,0,0,0,0,1996-12-01,5.664593,0,0,16.44084505442,3.79456194557999
"337",19.991015,17442,22.340131881764,1990,1997,0,0,0,0,1997-01-01,5.664593,0,0,16.675538881764,3.55986811823598
"338",19.321047,22346,22.517064677822,1990,1997,0,0,0,0,1997-02-01,5.664593,0,0,16.852471677822,3.38293532217798
"339",18.917909,25001,22.642243449916,1990,1997,0,0,0,0,1997-03-01,5.664593,0,0,16.977650449916,3.257756550084
"340",19.10789,21769,23.01364028348,1990,1997,0,0,0,0,1997-04-01,5.664593,0,0,17.34904728348,2.88635971652002
"341",21.089613,20847,23.145163506496,1990,1997,0,0,0,0,1997-05-01,5.664593,0,0,17.480570506496,2.754836493504
"342",23.383798,24977,23.137926988464,1990,1997,0,0,0,0,1997-06-01,5.664593,0,0,17.473333988464,2.76207301153599
"343",23.293257,21315,23.481527683556,1990,1997,0,0,0,0,1997-07-01,5.664593,0,0,17.816934683556,2.41847231644401
"344",22.892093,20346,23.65351295775,1990,1997,0,0,0,0,1997-08-01,5.664593,0,0,17.98891995775,2.24648704225
"345",22.801446,19195,23.805754550868,1990,1997,0,0,0,0,1997-09-01,5.664593,0,0,18.141161550868,2.094245449132
"346",22.553819,19592,23.997538011228,1990,1997,0,0,0,0,1997-10-01,5.664593,0,0,18.332945011228,1.90246198877201
"347",22.123055,20385,24.573737637076,1990,1997,0,0,0,0,1997-11-01,5.664593,0,0,18.909144637076,1.32626236292398
"348",21.595052,20397,25.05627016508,1990,1997,0,0,0,0,1997-12-01,5.664593,0,0,19.39167716508,0.843729834920005
"349",21.102625,19493,25.340011879612,1990,1998,0,0,0,0,1998-01-01,5.664593,0,0,19.675418879612,0.559988120387981
"350",20.630028,19648,25.30288369358,1990,1998,0,0,0,0,1998-02-01,5.664593,0,0,19.63829069358,0.597116306419981
"351",20.273472,19475,25.24879696536,1990,1998,0,0,0,0,1998-03-01,5.664593,0,0,19.58420396536,0.651203034640005
"352",20.745648,13427,25.281249002292,1990,1998,0,0,0,0,1998-04-01,5.664593,0,0,19.616656002292,0.618750997707998
"353",22.64531,14685,25.047051777464,1990,1998,0,0,0,0,1998-05-01,5.664593,0,0,19.382458777464,0.852948222535996
"354",23.727909,18428,24.870759051424,1990,1998,0,0,0,0,1998-06-01,5.664593,0,0,19.206166051424,1.02924094857601
"355",23.565606,20307,24.907487985088,1990,1998,0,0,0,0,1998-07-01,5.664593,0,0,19.242894985088,0.992512014912013
"356",22.865953,20963,24.999443879054,1990,1998,0,0,0,0,1998-08-01,5.664593,0,0,19.334850879054,0.900556120945989
"357",22.403483,17059,25.28743034266,1990,1998,0,0,0,0,1998-09-01,5.664593,0,0,19.62283734266,0.612569657340003
"358",22.198187,14675,25.361686714724,1990,1998,0,0,0,0,1998-10-01,5.664593,0,0,19.697093714724,0.538313285276001
"359",22.07656,13530,25.513700835756,1990,1998,0,0,0,0,1998-11-01,5.664593,0,0,19.849107835756,0.386299164243997
"360",21.654053,14783,25.363234917232,1990,1998,0,0,0,0,1998-12-01,5.664593,0,0,19.698641917232,0.536765082768003
"361",21.344131,14619,25.014787420808,1990,1999,0,0,0,0,1999-01-01,5.664593,0,0,19.350194420808,0.885212579192
"362",21.088164,14430,25.070097746504,1990,1999,0,0,0,0,1999-02-01,5.664593,0,0,19.405504746504,0.829902253495984
"363",20.916366,12732,25.13317170502,1990,1999,0,0,0,0,1999-03-01,5.664593,0,0,19.46857870502,0.766828294980005
"364",20.893363,11889,24.8952450072,1990,1999,0,0,0,0,1999-04-01,5.664593,0,0,19.2306520072,1.0047549928
"365",21.561176,17008,24.4465355846,1990,1999,0,0,0,0,1999-05-01,5.664593,0,0,18.7819425846,1.4534644154
"366",23.30418,16434,24.231041878726,1990,1999,0,0,0,0,1999-06-01,5.664593,0,0,18.566448878726,1.66895812127402
"367",23.377541,17781,24.08565514388,1990,1999,0,0,0,0,1999-07-01,5.664593,0,0,18.42106214388,1.81434485611998
"368",23.291697,18793,24.217528624444,1990,1999,0,0,0,0,1999-08-01,5.664593,0,0,18.552935624444,1.682471375556
"369",22.99695,18909,24.43746820328,1990,1999,0,0,0,0,1999-09-01,5.664593,0,0,18.77287520328,1.46253179672
"370",22.534054,17126,24.82491098548,1990,1999,0,0,0,0,1999-10-01,5.664593,0,0,19.16031798548,1.07508901452001
"371",21.968875,17817,24.950372574158,1990,1999,0,0,0,0,1999-11-01,5.664593,0,0,19.285779574158,0.949627425842017
"372",21.44364,16406,25.022469410488,1990,1999,0,0,0,0,1999-12-01,5.664593,0,0,19.357876410488,0.877530589512009
"373",21.137411,13092,25.231816346212,2000,2000,0,0,0,0,2000-01-01,5.664593,0,0,19.567223346212,0.668183653787988
"374",20.948074,11291,25.281249002292,2000,2000,0,0,0,0,2000-02-01,5.664593,0,0,19.616656002292,0.618750997707998
"375",20.81869,10540,25.208681486992,2000,2000,0,0,0,0,2000-03-01,5.664593,0,0,19.544088486992,0.691318513008003
"376",20.674225,15243,24.83102045516,2000,2000,0,0,0,0,2000-04-01,5.664593,0,0,19.16642745516,1.06897954484001
"377",21.044755,18389,24.44351312416,2000,2000,0,0,0,0,2000-05-01,5.664593,0,0,18.77892012416,1.45648687584
"378",21.757615,7969,24.27614060879,2000,2000,0,0,0,0,2000-06-01,5.664593,0,0,18.61154760879,1.62385939120999
"379",21.568545,8026,23.742113355748,2000,2000,0,0,0,0,2000-07-01,5.664593,0,0,18.077520355748,2.15788664425201
"380",21.304711,8051,23.139373633948,2000,2000,0,0,0,0,2000-08-01,5.664593,0,0,17.474780633948,2.760626366052
"381",20.939423,11029,22.663648238656,2000,2000,0,0,0,0,2000-09-01,5.664593,0,0,16.999055238656,3.23635176134399
"382",20.752807,9848,22.672210154152,2000,2000,0,0,0,0,2000-10-01,5.664593,0,0,17.007617154152,3.227789845848
"383",20.301595,13492,22.663648238656,2000,2000,0,0,0,0,2000-11-01,5.664593,0,0,16.999055238656,3.23635176134399
"384",19.823235,13431,22.63369722564,2000,2000,0,0,0,0,2000-12-01,5.664593,0,0,16.96910422564,3.26630277435999
"385",19.327829,13828,22.586710252464,2000,2001,0,0,0,0,2001-01-01,5.664593,0,0,16.922117252464,3.31328974753601
"386",19.02343,11683,22.75077714949,2000,2001,0,0,0,0,2001-02-01,5.664593,0,0,17.08618414949,3.14922285051
"387",18.864671,10564,22.657940294992,2000,2001,0,0,0,0,2001-03-01,5.664593,0,0,16.993347294992,3.24205970500801
"388",18.820818,10061,22.382498098172,2000,2001,0,0,0,0,2001-04-01,5.664593,0,0,16.717905098172,3.51750190182799
"389",19.797,9786,21.833732563828,2000,2001,0,0,0,0,2001-05-01,5.664593,0,0,16.169139563828,4.066267436172
"390",20.259405,9760,21.360418554968,2000,2001,0,0,0,0,2001-06-01,5.664593,0,0,15.695825554968,4.53958144503201
"391",19.76389,13003,20.793049040396,2000,2001,0,0,0,0,2001-07-01,5.664593,0,0,15.128456040396,5.10695095960401
"392",19.321047,13333,20.481803334412,2000,2001,0,0,0,0,2001-08-01,5.664593,0,0,14.817210334412,5.418196665588
"393",19.134795,7607,20.374860878538,2000,2001,0,0,0,0,2001-09-01,5.664593,0,0,14.710267878538,5.52513912146199
"394",18.802257,9795,20.111340214432,2000,2001,0,0,0,0,2001-10-01,5.664593,0,0,14.446747214432,5.78865978556799
"395",18.510914,10177,20.120470647688,2000,2001,0,0,0,0,2001-11-01,5.664593,0,0,14.455877647688,5.779529352312
"396",17.995952,13023,20.015006568448,2000,2001,0,0,0,0,2001-12-01,5.664593,0,0,14.350413568448,5.88499343155199
"397",17.507501,13090,20.034505283458,2000,2002,0,0,0,0,2002-01-01,5.664593,0,0,14.369912283458,5.86549471654202
"398",17.189596,10830,20.108734299448,2000,2002,0,0,0,0,2002-02-01,5.664593,0,0,14.444141299448,5.79126570055199
"399",16.927421,9790,19.9215867871,2000,2002,0,0,0,0,2002-03-01,5.664593,0,0,14.2569937871,5.9784132129
"400",16.704682,10117,19.353950203164,2000,2002,0,0,0,0,2002-04-01,5.664593,0,0,13.689357203164,6.54604979683601
"401",16.535969,9598,18.785168754966,2000,2002,0,0,0,0,2002-05-01,5.664593,0,0,13.120575754966,7.114831245034
"402",16.11075,12564,18.167838422634,2000,2002,0,0,0,0,2002-06-01,5.664593,0,0,12.503245422634,7.73216157736599
"403",15.33313,14593,17.9066002678,2000,2002,0,0,0,0,2002-07-01,5.664593,0,0,12.2420072678,7.99339973219999
"404",14.569225,14531,17.599210378386,2000,2002,0,0,0,0,2002-08-01,5.664593,0,0,11.934617378386,8.30078962161401
"405",14.46788,8124,17.465594622688,2000,2002,0,0,0,0,2002-09-01,5.664593,0,0,11.801001622688,8.43440537731199
"406",14.26997,8075,17.349996740236,2000,2002,0,0,0,0,2002-10-01,5.664593,0,0,11.685403740236,8.55000325976399
"407",14.110706,7999,17.288931001072,2000,2002,0,0,0,0,2002-11-01,5.664593,0,0,11.624338001072,8.61106899892799
"408",13.773841,9783,17.1066270103,2000,2002,0,0,0,0,2002-12-01,5.664593,0,0,11.4420340103,8.7933729897
"409",13.269125,12754,16.973328031704,2000,2003,0,0,0,0,2003-01-01,5.664593,0,0,11.308735031704,8.92667196829598
"410",12.833247,12857,17.11005387001,2000,2003,0,0,0,0,2003-02-01,5.664593,0,0,11.44546087001,8.78994612999001
"411",12.443571,12791,17.23489929898,2000,2003,0,0,0,0,2003-03-01,5.664593,0,0,11.57030629898,8.66510070101999
"412",12.243413,10101,17.08263899233,2000,2003,0,0,0,0,2003-04-01,5.664593,0,0,11.41804599233,8.81736100767001
"413",12.75649,10601,16.53916532113,2000,2003,0,0,0,0,2003-05-01,5.664593,0,0,10.87457232113,9.36083467887
"414",13.364505,14154,16.142542398404,2000,2003,0,0,0,0,2003-06-01,5.664593,0,0,10.477949398404,9.75745760159599
"415",12.793807,14641,15.979917762078,2000,2003,0,0,0,0,2003-07-01,5.664593,0,0,10.315324762078,9.92008223792199
"416",12.156322,14666,15.843245169502,2000,2003,0,0,0,0,2003-08-01,5.664593,0,0,10.178652169502,10.056754830498
"417",12.109533,7949,15.988621716974,2000,2003,0,0,0,0,2003-09-01,5.664593,0,0,10.324028716974,9.911378283026
"418",11.935147,7976,15.863806630096,2000,2003,0,0,0,0,2003-10-01,5.664593,0,0,10.199213630096,10.036193369904
"419",11.79592,7982,15.761208529222,2000,2003,0,0,0,0,2003-11-01,5.664593,0,0,10.096615529222,10.138791470778
"420",11.486774,9791,15.579822928548,2000,2003,0,0,0,0,2003-12-01,5.664593,0,0,9.915229928548,10.320177071452
"421",10.984245,12827,15.541386535812,2000,2004,0,0,0,0,2004-01-01,5.664593,0,0,9.87679353581199,10.358613464188
"422",10.536874,12910,15.677298916774,2000,2004,0,0,0,0,2004-02-01,5.664593,0,0,10.012705916774,10.222701083226
"423",10.17957,13096,15.647253108926,2000,2004,0,0,0,0,2004-03-01,5.664593,0,0,9.98266010892599,10.252746891074
"424",10.19262,10934,15.49663262142,2000,2004,0,0,0,0,2004-04-01,5.664593,0,0,9.83203962142,10.40336737858
"425",10.566253,9683,15.105048268124,2000,2004,0,0,0,0,2004-05-01,5.664593,0,0,9.440455268124,10.794951731876
"426",10.476457,13475,14.5639470504,2000,2004,0,0,0,0,2004-06-01,5.664593,0,0,8.8993540504,11.3360529496
"427",9.913853,14639,14.284871416356,2000,2004,0,0,0,0,2004-07-01,5.664593,0,0,8.620278416356,11.615128583644
"428",9.277886,14570,14.165029325898,2000,2004,0,0,0,0,2004-08-01,5.664593,0,0,8.500436325898,11.734970674102
"429",9.16946,8127,14.258852870764,2000,2004,0,0,0,0,2004-09-01,5.664593,0,0,8.59425987076401,11.641147129236
"430",9.147553,8025,14.177976940136,2000,2004,0,0,0,0,2004-10-01,5.664593,0,0,8.51338394013599,11.722023059864
"431",8.889033,12036,14.334994544676,2000,2004,0,0,0,0,2004-11-01,5.664593,0,0,8.67040154467601,11.565005455324
"432",8.663616,9749,14.607557290582,2000,2004,0,0,0,0,2004-12-01,5.664593,0,0,8.94296429058201,11.292442709418
"433",8.481378,12633,14.595369189214,2000,2005,0,0,0,0,2005-01-01,5.664593,0,0,8.930776189214,11.304630810786
"434",8.264678,12965,15.35872488824,2000,2005,0,0,0,0,2005-02-01,5.664593,0,0,9.69413188824001,10.54127511176
"435",8.015213,13056,15.98644572825,2000,2005,0,0,0,0,2005-03-01,5.664593,0,0,10.32185272825,9.91355427175
"436",8.538478,8842,16.471288418448,2000,2005,0,0,0,0,2005-04-01,5.664593,0,0,10.806695418448,9.42871158155199
"437",10.509305,9711,16.11735595066,2000,2005,0,0,0,0,2005-05-01,5.664593,0,0,10.45276295066,9.78264404933999
"438",12.359502,13134,15.838923631846,2000,2005,0,0,0,0,2005-06-01,5.664593,0,0,10.174330631846,10.061076368154
"439",12.417834,13826,15.684810368736,2000,2005,0,0,0,0,2005-07-01,5.664593,0,0,10.020217368736,10.215189631264
"440",12.022139,14180,15.529642082476,2000,2005,0,0,0,0,2005-08-01,5.664593,0,0,9.865049082476,10.370357917524
"441",11.939007,8344,15.593726329,2000,2005,0,0,0,0,2005-09-01,5.664593,0,0,9.92913332899999,10.306273671
"442",12.016321,8354,15.460468719232,2000,2005,0,0,0,0,2005-10-01,5.664593,0,0,9.79587571923199,10.439531280768
"443",11.976667,8636,15.317527635026,2000,2005,0,0,0,0,2005-11-01,5.664593,0,0,9.652934635026,10.582472364974
"444",11.576323,13033,15.135141733846,2000,2005,0,0,0,0,2005-12-01,5.664593,0,0,9.470548733846,10.764858266154
"445",11.205927,13012,15.37140608188,2000,2006,0,0,0,0,2006-01-01,5.664593,0,0,9.70681308188,10.52859391812
"446",10.793364,14409,15.577687573396,2000,2006,0,0,0,0,2006-02-01,5.664593,0,0,9.91309457339601,10.322312426604
"447",10.704126,9790,15.76444308472,2000,2006,0,0,0,0,2006-03-01,5.664593,0,0,10.09985008472,10.13555691528
"448",11.093352,10132,15.579822928548,2000,2006,0,0,0,0,2006-04-01,5.664593,0,0,9.915229928548,10.320177071452
"449",12.258121,9783,15.205039260744,2000,2006,0,0,0,0,2006-05-01,5.664593,0,0,9.54044626074401,10.694960739256
"450",12.765572,13464,14.7103233771,2000,2006,0,0,0,0,2006-06-01,5.664593,0,0,9.04573037710001,11.1896766229
"451",12.415852,13477,14.41844945728,2000,2006,0,0,0,0,2006-07-01,5.664593,0,0,8.75385645728,11.48155054272
"452",12.01729,13450,14.233853509584,2000,2006,0,0,0,0,2006-08-01,5.664593,0,0,8.56926050958401,11.666146490416
"453",11.916846,9011,14.245843597968,2000,2006,0,0,0,0,2006-09-01,5.664593,0,0,8.581250597968,11.654156402032
"454",12.526054,9857,14.128208035404,2000,2006,0,0,0,0,2006-10-01,5.664593,0,0,8.46361503540399,11.771791964596
"455",12.415842,10126,14.204899781926,2000,2006,0,0,0,0,2006-11-01,5.664593,0,0,8.54030678192601,11.695100218074
"456",12.076466,13020,14.254850017596,2000,2006,0,0,0,0,2006-12-01,5.664593,0,0,8.59025701759601,11.645149982404
"457",11.703394,13016,14.40434790016,2000,2007,0,0,0,0,2007-01-01,5.664593,0,0,8.73975490015999,11.49565209984
"458",11.551778,10884,14.54874381855,2000,2007,0,0,0,0,2007-02-01,5.664593,0,0,8.88415081855,11.35125618145
"459",11.636909,9790,14.52850182713,2000,2007,0,0,0,0,2007-03-01,5.664593,0,0,8.86390882712999,11.37149817287
"460",11.783493,10089,14.171005147854,2000,2007,0,0,0,0,2007-04-01,5.664593,0,0,8.506412147854,11.728994852146
"461",12.691083,9780,13.66863035241,2000,2007,0,0,0,0,2007-05-01,5.664593,0,0,8.00403735241001,12.23136964759
"462",12.88188,13470,13.204604013356,2000,2007,0,0,0,0,2007-06-01,5.664593,0,0,7.54001101335601,12.695395986644
"463",12.465407,13077,12.9767865714,2000,2007,0,0,0,0,2007-07-01,5.664593,0,0,7.3121935714,12.9232134286
"464",12.094938,13076,12.795388551428,2000,2007,0,0,0,0,2007-08-01,5.664593,0,0,7.13079555142799,13.104611448572
"465",11.92937,10153,12.819868317544,2000,2007,0,0,0,0,2007-09-01,5.664593,0,0,7.15527531754399,13.080131682456
"466",11.809316,9773,12.746513889388,2000,2007,0,0,0,0,2007-10-01,5.664593,0,0,7.08192088938799,13.153486110612
"467",11.619851,10137,12.73618969169,2000,2007,0,0,0,0,2007-11-01,5.664593,0,0,7.07159669169001,13.16381030831
"468",11.245782,13054,12.761547498956,2000,2007,0,0,0,0,2007-12-01,5.664593,0,0,7.096954498956,13.138452501044
"469",10.880359,13022,13.10137416065,2000,2008,0,0,0,0,2008-01-01,5.664593,0,0,7.43678116064999,12.79862583935
"470",10.880359,10471,13.259275568064,2000,2008,0,0,0,0,2008-02-01,5.664593,0,0,7.594682568064,12.640724431936
"471",10.799697,13503,13.304456475936,2000,2008,0,0,0,0,2008-03-01,5.664593,0,0,7.63986347593601,12.595543524064
"472",11.194825,11402,13.18162645886,2000,2008,0,0,0,0,2008-04-01,5.664593,0,0,7.51703345886001,12.71837354114
"473",12.812006,12852,12.704320851742,2000,2008,0,0,0,0,2008-05-01,5.664593,0,0,7.03972785174199,13.195679148258
"474",14.970763,13299,12.37379760457,2000,2008,0,0,0,0,2008-06-01,5.664593,0,0,6.70920460457,13.52620239543
"475",15.19154,14074,12.184248814064,2000,2008,0,0,0,0,2008-07-01,5.664593,0,0,6.519655814064,13.715751185936
"476",14.802503,14468,12.133293109904,2000,2008,0,0,0,0,2008-08-01,5.664593,0,0,6.46870010990401,13.766706890096
"477",14.508577,12157,12.197930858724,2000,2008,0,0,0,0,2008-09-01,5.664593,0,0,6.53333785872401,13.702069141276
"478",14.172307,12176,12.255464939196,2000,2008,0,0,0,0,2008-10-01,5.664593,0,0,6.590871939196,13.644535060804
"479",13.965594,10133,12.45586296484,2000,2008,0,0,0,0,2008-11-01,5.664593,0,0,6.79126996484001,13.44413703516
"480",13.540898,13021,12.399587627682,2000,2008,0,0,0,0,2008-12-01,5.664593,0,0,6.73499462768199,13.500412372318
"481",13.154627,13049,12.738064329334,2000,2009,0,0,0,0,2009-01-01,5.664593,0,0,7.073471329334,13.161935670666
"482",12.937756,10837,12.814219140748,2000,2009,0,0,0,0,2009-02-01,5.664593,0,0,7.149626140748,13.085780859252
"483",12.773632,10180,12.781279111514,2000,2009,0,0,0,0,2009-03-01,5.664593,0,0,7.11668611151401,13.118720888486
"484",12.857547,10151,12.40603513346,2000,2009,0,0,0,0,2009-04-01,5.664593,0,0,6.74144213346001,13.49396486654
"485",14.751176,9469,11.847966990628,2000,2009,0,0,0,0,2009-05-01,5.664593,0,0,6.183373990628,14.052033009372
"486",16.060989,11162,11.461894438924,2000,2009,0,0,0,0,2009-06-01,5.664593,0,0,5.79730143892401,14.438105561076
"487",16.138064,13059,11.315913302244,2000,2009,0,0,0,0,2009-07-01,5.664593,0,0,5.651320302244,14.584086697756
"488",15.709825,13047,11.222772,2000,2009,0,0,0,0,2009-08-01,5.664593,0,0,5.558179,14.677228
"489",15.462973,10050,11.1815398,2000,2009,0,0,0,0,2009-09-01,5.664593,0,0,5.5169468,14.7184602
"490",15.250803,10082,11.1771568,2000,2009,0,0,0,0,2009-10-01,5.664593,0,0,5.51256380000001,14.7228432
"491",14.976395,11626,11.1403828,2000,2009,0,0,0,0,2009-11-01,5.664593,0,0,5.4757898,14.7596172
"492",14.433841,14657,11.1631312,2000,2009,0,0,0,0,2009-12-01,5.664593,0,0,5.4985382,14.7368688
"493",13.991311,14645,11.40727258934,2010,2010,0,0,0,0,2010-01-01,5.664593,0,0,5.74267958934,14.49272741066
"494",13.780191,11353,11.7369636816,2010,2010,0,0,0,0,2010-02-01,5.664593,0,0,6.0723706816,14.1630363184
"495",13.700829,9797,12.023596601756,2010,2010,0,0,0,0,2010-03-01,5.664593,0,0,6.359003601756,13.876403398244
"496",13.816275,10116,11.794193305728,2010,2010,0,0,0,0,2010-04-01,5.664593,0,0,6.12960030572801,14.105806694272
"497",14.405339,9780,11.5573469917,2010,2010,0,0,0,0,2010-05-01,5.664593,0,0,5.8927539917,14.3426530083
"498",15.864183,10100,11.231554,2010,2010,0,0,0,0,2010-06-01,5.664593,0,0,5.566961,14.668446
"499",15.595908,13051,10.796658,2010,2010,0,0,0,0,2010-07-01,5.664593,0,0,5.132065,15.103342
"500",15.368674,13039,10.5969614,2010,2010,0,0,0,0,2010-08-01,5.664593,0,0,4.9323684,15.3030386
"501",15.266787,8070,10.5918482,2010,2010,0,0,0,0,2010-09-01,5.664593,0,0,4.92725520000001,15.3081518
"502",15.314809,8059,10.3291876,2010,2010,0,0,0,0,2010-10-01,5.664593,0,0,4.6645946,15.5708124
"503",14.887584,13610,10.2074884,2010,2010,0,0,0,0,2010-11-01,5.664593,0,0,4.54289539999999,15.6925116
"504",14.468976,13769,10.1723704,2010,2010,12,12,815341,0,2010-12-01,5.664593,0.815341,0,3.6924364,15.7276296
"505",13.821588,16219,10.5399,2010,2011,1,13,832929.25,0,2011-01-01,5.664593,0.83292925,0,4.04237775,15.3601
"506",13.235015,17360,11.0069388,2010,2011,2,14,850517.5,0,2011-02-01,5.664593,0.8505175,0,4.4918283,14.8930612
"507",12.803921,16805,11.361549024868,2010,2011,3,15,868105.75,0,2011-03-01,5.664593,0.86810575,0,4.828850274868,14.538450975132
"508",12.925552,15798,11.415192523892,2010,2011,4,16,885694,0,2011-04-01,5.664593,0.885694,0,4.86490552389201,14.484807476108
"509",14.097762,19048,11.359792317356,2010,2011,5,17,903282.25,0,2011-05-01,5.664593,0.90328225,0,4.791917067356,14.540207682644
"510",17.089086,23137,11.5484990097,2010,2011,6,18,920870.5,0,2011-06-01,5.664593,0.9208705,0,4.96303550970001,14.3515009903
"511",18.605441,24125,11.948669076844,2010,2011,7,19,938458.75,0,2011-07-01,5.664593,0.93845875,0,5.34561732684401,13.951330923156
"512",17.889579,24047,12.375639749078,2010,2011,8,20,956047,0,2011-08-01,5.664593,0.956047,0,5.75499974907799,13.524360250922
"513",17.593301,15495,12.9720479902,2010,2011,9,21,973635.25,0,2011-09-01,5.664593,0.97363525,0,6.3338197402,12.9279520098
"514",17.24935,15550,13.218973668636,2010,2011,10,22,991223.5,0,2011-10-01,5.664593,0.9912235,0,6.563157168636,12.681026331364
"515",16.682755,18473,13.6988517561,2010,2011,11,23,1008811.75,0,2011-11-01,5.664593,1.00881175,0,7.0254470061,12.2011482439
"516",15.97357,19897,14.173993058832,2010,2011,12,24,1026400,0,2011-12-01,5.664593,1.0264,0,7.48300005883199,11.726006941168
"517",15.641172,13855,14.883261367126,2010,2012,1,25,1040503.33333333,0,2012-01-01,5.664593,1.04050333333333,0,8.17816503379266,11.016738632874
"518",15.452603,11346,15.022287305692,2010,2012,2,26,1054606.66666667,0,2012-02-01,5.664593,1.05460666666667,0,8.30308763902534,10.877712694308
"519",15.458364,9759,14.90688425166,2010,2012,3,27,1068710,0,2012-03-01,5.664593,1.06871,0,8.17358125165999,10.99311574834
"520",15.507966,10190,14.534571526118,2010,2012,4,28,1082813.33333333,0,2012-04-01,5.664593,1.08281333333333,0,7.78716519278468,11.365428473882
"521",15.63188,9774,13.986496219682,2010,2012,5,29,1096916.66666667,0,2012-05-01,5.664593,1.09691666666667,0,7.22498655301534,11.913503780318
"522",15.294215,11909,13.541210895268,2010,2012,6,30,1111020,0,2012-06-01,5.664593,1.11102,0,6.76559789526801,12.358789104732
"523",14.679979,14406,13.199817022836,2010,2012,7,31,1125123.33333333,0,2012-07-01,5.664593,1.12512333333333,0,6.41010068950266,12.700182977164
"524",14.15067,13018,13.207476207668,2010,2012,8,32,1139226.66666667,0,2012-08-01,5.664593,1.13922666666667,0,6.40365654100134,12.692523792332
"525",13.929222,8081,13.268882583512,2010,2012,9,33,1153330,0,2012-09-01,5.664593,1.15333,0,6.450959583512,12.631117416488
"526",13.70611,8101,13.134776937852,2010,2012,10,34,1167433.33333333,0,2012-10-01,5.664593,1.16743333333333,0,6.30275060451867,12.765223062148
"527",13.250511,12268,13.2631138442,2010,2012,11,35,1181536.66666667,0,2012-11-01,5.664593,1.18153666666667,0,6.41698417753333,12.6368861558
"528",12.712525,13027,13.334307771784,2010,2012,12,36,1195640,0,2012-12-01,5.664593,1.19564,0,6.474074771784,12.565692228216
"529",12.176834,13025,13.636479337492,2010,2013,1,37,1189183.66666667,0,2013-01-01,5.664593,1.18918366666667,0,6.78270267082532,12.263520662508
"530",11.890863,10800,13.828021521148,2010,2013,2,38,1182727.33333333,0,2013-02-01,5.664593,1.18272733333333,0,6.98070118781466,12.071978478852
"531",11.651135,9778,13.810367035396,2010,2013,3,39,1176271,0,2013-03-01,5.664593,1.176271,0,6.96950303539601,12.089632964604
"532",11.422008,9259,13.464646539678,2010,2013,4,40,1169814.66666667,0,2013-04-01,5.664593,1.16981466666667,0,6.63023887301133,12.435353460322
"533",11.696734,9783,12.92089052302,2010,2013,5,41,1163358.33333333,0,2013-05-01,5.664593,1.16335833333333,0,6.09293918968667,12.97910947698
"534",11.756753,13443,12.494717463412,2010,2013,6,42,1156902,0,2013-06-01,5.664593,1.156902,0,5.67322246341199,13.405282536588
"535",11.202228,13784,12.275581302408,2010,2013,7,43,1150445.66666667,0,2013-07-01,5.664593,1.15044566666667,0,5.46054263574133,13.624418697592
"536",10.787947,13027,12.270095021532,2010,2013,8,44,1143989.33333333,0,2013-08-01,5.664593,1.14398933333333,0,5.46151268819867,13.629904978468
"537",10.934043,10092,12.289327874606,2010,2013,9,45,1137533,0,2013-09-01,5.664593,1.137533,0,5.48720187460601,13.610672125394
"538",10.900357,7825,12.3618411325,2010,2013,10,46,1131076.66666667,0,2013-10-01,5.664593,1.13107666666667,0,5.56617146583334,13.5381588675
"539",10.63147,11699,12.098773863848,2010,2013,11,47,1124620.33333333,0,2013-11-01,5.664593,1.12462033333333,0,5.30956053051466,13.801226136152
"540",10.323809,9769,12.310413234132,2010,2013,12,48,1118164,0,2013-12-01,5.664593,1.118164,0,5.52765623413199,13.589586765868
"541",9.827727,13016,12.34438224435,2010,2014,1,49,1094725.33333333,0,2014-01-01,5.664593,1.09472533333333,0,5.58506391101667,13.55561775565
"542",9.563112,10795,12.53087671245,2010,2014,2,50,1071286.66666667,0,2014-02-01,5.664593,1.07128666666667,0,5.79499704578333,13.36912328755
"543",9.497289,8189,12.45586296484,2010,2014,3,51,1047848,0,2014-03-01,5.664593,1.047848,0,5.74342196484,13.44413703516
"544",9.731949,8432,11.888375751874,2010,2014,4,52,1024409.33333333,0,2014-04-01,5.664593,1.02440933333333,0,5.19937341854067,14.011624248126
"545",10.764472,8023,11.253518,2010,2014,5,53,1000970.66666667,0,2014-05-01,5.664593,1.00097066666667,0,4.58795433333333,14.646482
"546",12.64894,10054,10.638802,2010,2014,6,54,977532,0,2014-06-01,5.664593,0.977532,0,3.996677,15.261198
"547",12.535019,13012,10.232606,2010,2014,7,55,954093.333333333,0,2014-07-01,5.664593,0.954093333333333,0,3.61391966666667,15.667394
"548",12.314154,13028,10.060758,2010,2014,8,56,930654.666666667,0,2014-08-01,5.664593,0.930654666666667,0,3.46551033333333,15.839242
"549",12.285625,10154,10.139821,2010,2014,9,57,907216,0,2014-09-01,5.664593,0.907216,0,3.568012,15.760179
"550",12.289557,9725,10.121487,2010,2014,10,58,883777.333333333,0,2014-10-01,5.664593,0.883777333333333,0,3.57311666666666,15.778513
"551",11.92937,13055,10.2435,2010,2014,11,59,860338.666666667,0,2014-11-01,5.664593,0.860338666666667,0,3.71856833333333,15.6565
"552",11.536684,14058,10.3089892,2010,2014,12,60,836900,0,2014-12-01,5.664593,0.8369,0,3.8074962,15.5910108
"553",11.146783,14021,10.6670304,2010,2015,1,61,826480.333333333,0,2015-01-01,5.664593,0.826480333333333,0,4.17595706666666,15.2329696
"554",11.023589,10609,10.7287272,2010,2015,2,62,816060.666666667,0,2015-02-01,5.664593,0.816060666666667,0,4.24807353333333,15.1712728
"555",10.913095,10560,10.7691096,2010,2015,3,63,805641,0,2015-03-01,5.664593,0.805641,0,4.2988756,15.1308904
"556",10.836808,10089,10.4186204,2010,2015,4,64,795221.333333333,0,2015-04-01,5.664593,0.795221333333333,0,3.95880606666666,15.4813796
"557",11.49148,11364,9.9307760000306,2010,2015,5,65,784801.666666667,0,2015-05-01,5.664593,0.784801666666667,0,3.48138133336393,15.9692239999694
"558",13.089932,13445,9.72880980002,2010,2015,6,66,774382,0,2015-06-01,5.664593,0.774382,0,3.28983480002,16.17119019998
"559",12.995833,17048,9.60748559998679,2010,2015,7,67,763962.333333333,0,2015-07-01,5.664593,0.763962333333333,0,3.17893026665346,16.2925144000132
"560",12.636916,13000,9.85829700001901,2010,2015,8,68,753542.666666667,0,2015-08-01,5.664593,0.753542666666667,0,3.44016133335234,16.041702999981
"561",12.33287,12001,9.8714585999966,2010,2015,9,69,743123,0,2015-09-01,5.664593,0.743123,0,3.4637425999966,16.0285414000034
"562",12.375298,9762,9.85418400002599,2010,2015,10,70,732703.333333333,0,2015-10-01,5.664593,0.732703333333333,0,3.45688766669266,16.045815999974
"563",12.279728,9696,9.9274738000288,2010,2015,11,71,722283.666666667,0,2015-11-01,5.664593,0.722283666666667,0,3.54059713336213,15.9725261999712
"564",11.826553,13943,9.8648778000078,2010,2015,12,72,711864,0,2015-12-01,5.664593,0.711864,0,3.4884208000078,16.0351221999922
"565",11.426694,13944,10.086519,2010,2016,1,73,715015.166666667,0,2016-01-01,5.664593,0.715015166666667,0,3.70691083333334,15.813481
"566",11.224455,12173,10.3182468,2010,2016,2,74,718166.333333333,0,2016-02-01,5.664593,0.718166333333333,0,3.93548746666667,15.5817532
"567",11.019009,11286,10.3595158,2010,2016,3,75,721317.5,0,2016-03-01,5.664593,0.7213175,0,3.97360530000001,15.5404842
"568",11.013514,11180,10.048301,2010,2016,4,76,724468.666666667,0,2016-04-01,5.664593,0.724468666666667,0,3.65923933333334,15.851699
"569",12.12317,11389,9.69290339999041,2010,2016,5,77,727619.833333333,0,2016-05-01,5.664593,0.727619833333333,0,3.30069056665708,16.2070966000096
"570",13.764294,13444,9.503863999978,2010,2016,6,78,730771,0,2016-06-01,5.664593,0.730771,0,3.108499999978,16.396136000022
"571",13.575516,15455,9.33025359998401,2010,2016,7,79,733922.166666667,0,2016-07-01,5.664593,0.733922166666667,0,2.93173843331734,16.569746400016
"572",13.090957,14631,9.419273,2010,2016,8,80,737073.333333333,0,2016-08-01,5.664593,0.737073333333333,0,3.01760666666667,16.480727
"573",12.82414,11746,9.6147953999832,2010,2016,9,81,740224.5,0,2016-09-01,5.664593,0.7402245,0,3.2099778999832,16.2852046000168
"574",12.678029,9767,9.6196685999808,2010,2016,10,82,743375.666666667,0,2016-10-01,5.664593,0.743375666666667,0,3.21169993331414,16.2803314000192
"575",12.31317,12612,9.71003520000719,2010,2016,11,83,746526.833333333,0,2016-11-01,5.664593,0.746526833333333,0,3.29891536667386,16.1899647999928
"576",11.796878,14611,9.72717500002,2010,2016,12,84,749678,0,2016-12-01,5.664593,0.749678,0,3.31290400002,16.17282499998
"577",11.359338,14317,10.07904,2010,2017,1,85,792329.083333333,0,2017-01-01,5.664593,0.792329083333333,0,3.62211791666666,15.82096
"578",11.217043,12797,10.5211912,2010,2017,2,86,834980.166666667,0,2017-02-01,5.664593,0.834980166666667,0,4.02161803333333,15.3788088
"579",11.364007,11749,10.8380308,2010,2017,3,87,877631.25,0,2017-03-01,5.664593,0.87763125,0,4.29580655,15.0619692
"580",12.149494,10463,10.7072904,2010,2017,4,88,920282.333333333,0,2017-04-01,5.664593,0.920282333333333,0,4.12241506666667,15.1927096
"581",13.667058,10611,10.4203108,2010,2017,5,89,962933.416666667,0,2017-05-01,5.664593,0.962933416666667,0,3.79278438333334,15.4796892
"582",15.407724,12588,10.1406556,2010,2017,6,90,1005584.5,0,2017-06-01,5.664593,1.0055845,0,3.47047809999999,15.7593444
"583",15.384745,13827,9.9712532000384,2010,2017,7,91,1048235.58333333,0,2017-07-01,5.664593,1.04823558333333,0,3.25842461670507,15.9287467999616
"584",14.951625,14639,9.9307760000306,2010,2017,8,92,1090886.66666667,0,2017-08-01,5.664593,1.09088666666667,0,3.17529633336393,15.9692239999694
"585",14.664438,11144,10.13065,2010,2017,9,93,1133537.75,0,2017-09-01,5.664593,1.13353775,0,3.33251925,15.76935
"586",14.529509,10412,10.18156,2010,2017,10,94,1176188.83333333,0,2017-10-01,5.664593,1.17618883333333,0,3.34077816666666,15.71844
"587",14.332082,10589,10.20247,2010,2017,11,95,1218839.91666667,0,2017-11-01,5.664593,1.21883991666667,0,3.31903708333333,15.69753
"588",14.067595,12028,10.089843,2010,2017,12,96,1261491,0,2017-12-01,5.664593,1.261491,0,3.163759,15.810157
"589",13.672331,13992,10.220874,2010,2018,1,97,1301527.75,0,2018-01-01,5.664593,1.30152775,0,3.25475325,15.679126
"590",13.345812,13141,10.642218,2010,2018,2,98,1341564.5,0,2018-02-01,5.664593,1.3415645,0,3.6360605,15.257782
"591",12.956078,13011,10.7030034,2010,2018,3,99,1381601.25,0,2018-03-01,5.664593,1.38160125,0,3.65680915,15.1969966
"592",12.668997,11846,10.6944294,2010,2018,4,100,1421638,0,2018-04-01,5.664593,1.421638,0,3.60819839999999,15.2055706
"593",12.885938,11461,10.3865046,2010,2018,5,101,1461674.75,0,2018-05-01,5.664593,1.46167475,0,3.26023685,15.5134954
"594",12.728287,12772,10.010978,2010,2018,6,102,1501711.5,0,2018-06-01,5.664593,1.5017115,0,2.8446735,15.889022
"595",12.116351,13990,9.74842740001999,2010,2018,7,103,1541748.25,0,2018-07-01,5.664593,1.54174825,0,2.54208615001999,16.15157259998
"596",11.477376,14637,9.79918359997701,2010,2018,8,104,1581785,0,2018-08-01,5.664593,1.581785,0,2.55280559997701,16.100816400023
"597",11.027712,11267,9.91840760001561,2010,2018,9,105,1621821.75,0,2018-09-01,5.664593,1.62182175,0,2.63199285001561,15.9815923999844
"598",10.862199,10170,9.8698133999994,2010,2018,10,106,1661858.5,0,2018-10-01,5.664593,1.6618585,0,2.5433618999994,16.0301866000006
"599",10.506637,11130,9.8887363999724,2010,2018,11,107,1701895.25,0,2018-11-01,5.664593,1.70189525,0,2.5222481499724,16.0112636000276
"600",10.098851,12037,9.87228119999519,2010,2018,12,108,1741932,0,2018-12-01,5.664593,1.741932,0,2.46575619999519,16.0277188000048
"601",9.629238,13071,10.132316,2010,2019,1,109,1789489.91666667,0,2019-01-01,5.664593,1.78948991666667,0,2.67823308333334,15.767684
"602",9.260702,13151,10.493168,2010,2019,2,110,1837047.83333333,0,2019-02-01,5.664593,1.83704783333333,0,2.99152716666667,15.406832
"603",9.049012,12869,10.6824312,2010,2019,3,111,1884605.75,0,2019-03-01,5.664593,1.88460575,0,3.13323245,15.2175688
"604",9.197907,12100,10.8777584,2010,2019,4,112,1932163.66666667,0,2019-04-01,5.664593,1.93216366666667,0,3.28100173333333,15.0222416
"605",10.343141,11706,10.766532,2010,2019,5,113,1979721.58333333,0,2019-05-01,5.664593,1.97972158333333,0,3.12221741666667,15.133468
"606",12.914371,12856,10.5552072,2010,2019,6,114,2027279.5,0,2019-06-01,5.664593,2.0272795,0,2.8633347,15.3447928
"607",13.933497,13941,10.4050972,2010,2019,7,115,2074837.41666667,0,2019-07-01,5.664593,2.07483741666667,0,2.66566678333334,15.4949028
"608",13.610192,14637,10.246014,2010,2019,8,116,2122395.33333333,0,2019-08-01,5.664593,2.12239533333333,0,2.45902566666666,15.653986
"609",13.277399,11539,10.298898,2010,2019,9,117,2169953.25,0,2019-09-01,5.664593,2.16995325,0,2.46435175,15.601102
"610",13.033624,10167,10.261098,2010,2019,10,118,2217511.16666667,0,2019-10-01,5.664593,2.21751116666667,0,2.37899383333333,15.638902
"611",12.854508,10522,10.228416,2010,2019,11,119,2265069.08333333,0,2019-11-01,5.664593,2.26506908333333,0,2.29875391666666,15.671584
"612",12.603889,12200,10.332554,2010,2019,12,120,2312627,132975,2019-12-01,5.664593,2.312627,0.132975,2.22235899999999,15.567446
"613",12.28071,12359,10.8993734,2020,2020,1,121,2356604.25,136391.666666667,2020-01-01,5.664593,2.35660425,0.136391666666667,2.74178448333333,15.0006266
"614",12.011477,11740,11.264958,2020,2020,2,122,2400581.5,139808.333333333,2020-02-01,5.664593,2.4005815,0.139808333333333,3.05997516666667,14.635042
"615",11.817933,11383,11.404632611156,2020,2020,3,123,2444558.75,143225,2020-03-01,5.664593,2.44455875,0.143225,3.152255861156,14.495367388844
"616",11.685324,10590,11.609664507562,2020,2020,4,124,2488536,146641.666666667,2020-04-01,5.664593,2.488536,0.146641666666667,3.30989384089533,14.290335492438
"617",12.238501,10225,11.415192523892,2020,2020,5,125,2532513.25,150058.333333333,2020-05-01,5.664593,2.53251325,0.150058333333333,3.06802794055868,14.484807476108
"618",12.792809,10922,10.9713176,2020,2020,6,126,2576490.5,153475,2020-06-01,5.664593,2.5764905,0.153475,2.57675909999999,14.9286824
"619",12.356539,12197,10.605496,2020,2020,7,127,2620467.75,156891.666666667,2020-07-01,5.664593,2.62046775,0.156891666666667,2.16354358333333,15.294504
"620",11.723386,13550,10.3983356,2020,2020,8,128,2664445,160308.333333333,2020-08-01,5.664593,2.664445,0.160308333333333,1.90898926666667,15.5016644
"621",11.370546,10118,10.3485516,2020,2020,9,129,2708422.25,163725,2020-09-01,5.664593,2.70842225,0.163725,1.81181135,15.5514484
"622",10.97693,10412,10.278738,2020,2020,10,130,2752399.5,167141.666666667,2020-10-01,5.664593,2.7523995,0.167141666666667,1.69460383333334,15.621262
"623",10.615367,10759,10.1673628,2020,2020,11,131,2796376.75,170558.333333333,2020-11-01,5.664593,2.79637675,0.170558333333333,1.53583471666668,15.7326372
"624",10.130046,11691,10.099829,2020,2020,12,132,2840354,173975,2020-12-01,5.664593,2.840354,0.173975,1.42090699999999,15.800171
"625",9.638469,12406,10.3216132,2020,2021,1,133,0,0,2021-01-01,5.664593,0,0,4.6570202,15.5783868
"626",9.225599,12146,10.510144,2020,2021,2,134,0,0,2021-02-01,5.664593,0,0,4.845551,15.389856
"627",8.84379,11379,10.621722,2020,2021,3,135,0,0,2021-03-01,5.664593,0,0,4.957129,15.278278
"628",8.50449,10556,10.3780706,2020,2021,4,136,0,0,2021-04-01,5.664593,0,0,4.71347760000001,15.5219294
"629",8.366443,10151,9.953078000036,2020,2021,5,137,0,0,2021-05-01,5.664593,0,0,4.288485000036,15.946921999964
"630",8.327615,10942,9.47964799996,2020,2021,6,138,0,0,2021-06-01,5.664593,0,0,3.81505499996,16.42035200004
"631",7.866268,12476,9.1020679999854,2020,2021,7,139,0,0,2021-07-01,5.664593,0,0,3.4374749999854,16.7979320000146
"632",7.510963,13027,9.01380400001801,2020,2021,8,140,0,0,2021-08-01,5.664593,0,0,3.34921100001801,16.886195999982
"633",7.257712,10454,9.0381823999932,2020,2021,9,141,0,0,2021-09-01,5.664593,0,0,3.3735893999932,16.8618176000068
"634",7.180773,7817,9.0161632000156,2020,2021,10,142,0,0,2021-10-01,5.664593,0,0,3.3515702000156,16.8838367999844
"635",7.015587,8405,8.9447735999924,2020,2021,11,143,0,0,2021-11-01,5.664593,0,0,3.2801805999924,16.9552264000076
"636",6.713123,9766,8.8044418000024,2020,2021,12,144,0,0,2021-12-01,5.664593,0,0,3.1398488000024,17.0955581999976
"637",0,0,0,0,2022,0,0,0,0,2022-01-01,5.664593,0,0,0,0
"638",0,0,0,0,2023,0,0,0,0,2023-01-01,5.664593,0,0,0,0
"639",0,0,0,0,2024,0,0,0,0,2024-01-01,5.664593,0,0,0,0
"640",0,0,0,0,2025,0,0,0,0,2025-01-01,5.664593,0,0,0,0
"641",0,0,0,0,2026,0,0,0,0,2026-01-01,5.664593,0,0,0,0
"642",0,0,0,0,2027,0,0,0,0,2027-01-01,5.664593,0,0,0,0
"643",0,0,0,0,2028,0,0,0,0,2028-01-01,5.664593,0,0,0,0
"644",0,0,0,0,2029,0,0,0,0,2029-01-01,5.664593,0,0,0,0
"645",0,0,0,0,2030,0,0,0,0,2030-01-01,5.664593,0,0,0,0
