Date,Elevation (feet),Storage (af),Evaporation (af),Inflow** (cfs),Unregulated Inflow*** (cfs),Power Release (cfs),Bypass Release (cfs),Spillway Release (cfs),Total Release (cfs),
01-Oct-1962, , ,0, , , , , , , ,
01-Nov-1962, , ,0, , , , , , , ,
01-Dec-1962, , ,0, , , , , , , ,
01-Jan-1963, , ,0, , , , , , , ,
01-Feb-1963, , ,0, , , , , , , ,
01-Mar-1963, , ,0, , , , , , , ,
01-Apr-1963, , ,0,7746, , , , ,1017, ,
01-May-1963, , ,0,15222, , , , ,1011, ,
01-Jun-1963, ,7400,0,13176, , , , ,2360, ,
01-Jul-1963, ,49400,0,2888,5400, , , ,1458, ,
01-Aug-1963, ,246400,0,4453,5227, , , ,1006, ,
01-Sep-1963, ,536400,0,6313,7496, , , ,1007, ,
01-Oct-1963, ,644400,0,3290,4080, , , ,1000, ,
01-Nov-1963, ,829400,0,4786,5205, , , ,1001, ,
01-Dec-1963,3409.60,969900,533,4023,3670, , , ,1020, ,
01-Jan-1964,3414.60,1112200,769,4172,3540,0, , ,1154, ,
01-Feb-1964,3414.80,1118000,743,4492,4016,0, , ,4009, ,
01-Mar-1964,3410.80,1003500,1467,4585,4568,0, , ,6316, ,
01-Apr-1964,3398.20,663700,2200,6991,8811,0, , ,12950, ,
01-May-1964,3434.70,1738100,2333,22849,26691,0, , ,5186, ,
01-Jun-1964,3471.98,3174100,10350,27788,34979,0, , ,1002, ,
01-Jul-1964,3484.15,3730300,17288,12562,15628,0, , ,978, ,
01-Aug-1964,3490.28,4027400,19447,9116,8947,0, , ,2836, ,
01-Sep-1964,3491.69,4097300,18649,5178,3667,2371, , ,2631, ,
01-Oct-1964,3491.91,4108300,13057,5838,3432,4330, , ,4367, ,
01-Nov-1964,3491.47,4086300,13146,6699,4838,6092, , ,5840, ,
01-Dec-1964,3491.94,4109600,10561,7871,5606,6466, , ,6466, ,
01-Jan-1965,3491.41,4083200,2814,9386,5933,9199, , ,9079, ,
01-Feb-1965,3491.91,4108000,2932,10232,6414,8221, , ,9266, ,
01-Mar-1965,3491.88,4106500,5175,9438,6691,7241, , ,9046, ,
01-Apr-1965,3490.91,4058200,8529,19312,19862,7949, , ,20540, ,
01-May-1965,3491.82,4103400,9815,37806,44948,9284, , ,37139, ,
01-Jun-1965,3510.85,5110900,17039,56704,71625,12531, , ,39047, ,
01-Jul-1965,3530.91,6312100,26771,35174,47799,11127, , ,11826, ,
01-Aug-1965,3531.34,6339400,29429,15968,18999,12256, , ,14162, ,
01-Sep-1965,3530.12,6261800,26792,12529,12702,12402, , ,12612, ,
01-Oct-1965,3531.57,6354000,18774,13426,13332,11651, , ,10721, ,
01-Nov-1965,3532.56,6417500,18609,12207,10442,10938, , ,9904, ,
01-Dec-1965,3534.63,6551400,15192,11973,8995,9712, , ,8638, ,
01-Jan-1966,3535.21,6589200,4478,9028,7068,8621, , ,7338, ,
01-Feb-1966,3534.34,6532400,4717,8299,6793,9913, , ,8700, ,
01-Mar-1966,3536.73,6688800,8210,13314,14410,11255, , ,10112, ,
01-Apr-1966,3538.98,6838100,13686,16848,18747,13963, , ,13870, ,
01-May-1966,3544.57,7218100,16512,23186,28755,16019, , ,15900, ,
01-Jun-1966,3544.91,7241600,26897,14988,19716,12729, , ,12672, ,
01-Jul-1966,3540.01,6907000,31762,6626,7076,11028, , ,10694, ,
01-Aug-1966,3534.00,6510000,30443,5349,4311,10872, , ,11090, ,
01-Sep-1966,3529.46,6219300,27302,6203,4038,10340, , ,10460, ,
01-Oct-1966,3527.12,6072600,18289,7398,5081,8654, , ,8975, ,
01-Nov-1966,3523.57,5854100,17688,6767,5579,9483, , ,9807, ,
01-Dec-1966,3521.45,5725900,13927,6883,6095,8323, , ,8597, ,
01-Jan-1967,3517.39,5485100,3787,6416,4694,9200, , ,9991, ,
01-Feb-1967,3515.15,5354800,3897,7184,5799,9137, , ,9622, ,
01-Mar-1967,3512.50,5202900,6621,8728,8613,10504, , ,11224, ,
01-Apr-1967,3507.32,4913300,10365,8263,8672,14584, , ,13239, ,
01-May-1967,3509.10,5011700,11331,16401,19821,14575, , ,14290, ,
01-Jun-1967,3529.15,6199200,21352,38656,49316,12379, , ,11735, ,
01-Jul-1967,3532.53,6414400,28931,15003,23089,10225, , ,10427, ,
01-Aug-1967,3530.48,6283300,29153,8230,7582,10051, , ,11262, ,
01-Sep-1967,3528.49,6157600,26639,7016,4451,8851, , ,10023, ,
01-Oct-1967,3528.23,6141200,18325,6441,4129,6227, , ,6746, ,
01-Nov-1967,3528.32,6146800,18135,8627,5948,7879, , ,7726, ,
01-Dec-1967,3527.06,6068100,14429,8374,4387,9028, , ,8980, ,
01-Jan-1968,3525.06,5944400,4086,8528,4897,10303, , ,10299, ,
01-Feb-1968,3526.04,6004700,4305,8611,6525,8123, , ,8066, ,
01-Mar-1968,3520.48,5666900,7361,8234,7895,13676, , ,13948, ,
01-Apr-1968,3514.04,5290100,11103,9624,10295,17434, , ,16267, ,
01-May-1968,3522.24,5772400,12895,22873,25683,16319, , ,15333, ,
01-Jun-1968,3547.00,7386200,25086,45162,60153,15491, , ,15034, ,
01-Jul-1968,3546.10,7323100,33165,14687,17911,13131, , ,13454, ,
01-Aug-1968,3548.73,7508300,33802,15384,17144,10948, , ,11143, ,
01-Sep-1968,3545.35,7270700,30865,7705,5937,10498, , ,10670, ,
01-Oct-1968,3543.39,7135100,21049,8579,6428,9978, , ,10167, ,
01-Nov-1968,3541.67,7017600,20303,9307,7099,10299, , ,10653, ,
01-Dec-1968,3539.29,6857000,16027,8466,5464,10124, , ,10368, ,
01-Jan-1969,3540.22,6919400,4647,10391,7085,9253, , ,9265, ,
01-Feb-1969,3542.87,7099200,5045,11864,6993,8397, , ,8297, ,
01-Mar-1969,3543.65,7152700,8921,12437,8369,12231, , ,11521, ,
01-Apr-1969,3552.61,7786800,14810,24764,27855,15257, , ,14630, ,
01-May-1969,3571.49,9241200,19748,36649,44547,13034, , ,12412, ,
01-Jun-1969,3579.95,9948400,35003,28613,38304,15258, , ,14710, ,
01-Jul-1969,3580.54,9999000,43746,19046,21744,15355, , ,15542, ,
01-Aug-1969,3575.94,9608700,42977,9789,8095,14443, , ,15120, ,
01-Sep-1969,3573.32,9391100,38660,10785,8704,12301, , ,13342, ,
01-Oct-1969,3574.90,9521800,26821,13220,11808,9608, , ,10244, ,
01-Nov-1969,3574.21,9464500,26211,11744,9449,11748, , ,11871, ,
01-Dec-1969,3572.11,9291500,20720,10987,7213,13243, , ,13247, ,
01-Jan-1970,3569.37,9069000,6156,8329,5514,11720, , ,11488, ,
01-Feb-1970,3570.13,9130300,6588,9573,6000,7766, , ,8013, ,
01-Mar-1970,3571.27,9222700,11483,9681,6352,8114, , ,7907, ,
01-Apr-1970,3566.65,8851600,17978,9733,8592,16194, , ,15834, ,
01-May-1970,3582.13,10135600,21649,35620,44084,15034, , ,14630, ,
01-Jun-1970,3599.13,11679700,39390,42536,53157,14315, , ,13445, ,
01-Jul-1970,3600.88,11846600,50443,18908,21664,12596, , ,12500, ,
01-Aug-1970,3597.90,11563200,49949,9121,8099,11508, , ,12570, ,
01-Sep-1970,3598.87,11654900,46009,15265,16512,11660, , ,11781, ,
01-Oct-1970,3599.84,11747100,32043,10966,9449,7876, , ,8102, ,
01-Nov-1970,3600.89,11847300,31283,10719,8618,7436, , ,7544, ,
01-Dec-1970,3599.78,11741200,25100,10250,7024,10910, , ,10905, ,
01-Jan-1971,3600.79,11837700,7735,10331,6859,8088, , ,7994, ,
01-Feb-1971,3602.66,12017700,8537,11560,8375,7645, , ,7493, ,
01-Mar-1971,3602.86,12037000,14617,10985,8251,10094, , ,10415, ,
01-Apr-1971,3603.62,12110700,23270,18328,20194,17226, , ,16985, ,
01-May-1971,3608.73,12614700,28084,23803,30865,16081, , ,15055, ,
01-Jun-1971,3620.79,13858900,46362,38688,53501,16774, , ,15030, ,
01-Jul-1971,3620.80,13859900,58155,18689,26444,16490, , ,15330, ,
01-Aug-1971,3617.31,13491900,56941,9443,8607,15010, , ,14251, ,
01-Sep-1971,3614.25,13174500,51625,9426,7396,13493, , ,13039, ,
01-Oct-1971,3614.15,13164100,35472,10094,9366,9233, , ,9504, ,
01-Nov-1971,3612.42,12986900,34038,10714,9096,12293, , ,12839, ,
01-Dec-1971,3609.56,12697500,26821,11248,7626,14476, , ,15238, ,
01-Jan-1972,3607.87,12528500,8276,10961,7365,13140, , ,13105, ,
01-Feb-1972,3609.51,12692400,8929,11165,7608,7805, , ,7728, ,
01-Mar-1972,3612.74,13019300,15620,11930,12272,6169, , ,6140, ,
01-Apr-1972,3610.58,12800000,24865,9578,10695,13478, , ,13148, ,
01-May-1972,3611.92,12935700,29065,17339,21704,14737, , ,14668, ,
01-Jun-1972,3619.57,13728800,47001,30021,45562,15437, , ,14498, ,
01-Jul-1972,3615.43,13295700,56711,8994,11821,14732, , ,14876, ,
01-Aug-1972,3609.12,12652900,54506,6590,5269,16774, , ,16353, ,
01-Sep-1972,3603.40,12088300,48411,7019,6132,15849, , ,15644, ,
01-Oct-1972,3609.09,12649800,33466,18047,17962,10654, , ,10266, ,
01-Nov-1972,3609.51,12691800,33231,13005,10915,11527, , ,11281, ,
01-Dec-1972,3606.20,12362300,26335,11569,7384,16215, , ,16538, ,
01-Jan-1973,3601.04,11860300,7968,11422,6884,19019, , ,19626, ,
01-Feb-1973,3600.68,11825700,8441,12781,8869,13721, , ,13755, ,
01-Mar-1973,3598.12,11582200,14427,13428,13220,17501, , ,17811, ,
01-Apr-1973,3590.63,10888100,21817,15580,20840,27431, , ,28194, ,
01-May-1973,3616.52,13408300,27439,50942,62849,10630, , ,10537, ,
01-Jun-1973,3636.36,15587800,50660,52390,64373,12924, , ,12615, ,
01-Jul-1973,3644.05,16496800,66487,30428,33774,10680, , ,10672, ,
01-Aug-1973,3645.25,16642000,67922,14114,9584,9357, , ,9215, ,
01-Sep-1973,3646.02,16735600,63116,10914,7334,7275, , ,7130, ,
01-Oct-1973,3645.80,16708800,43867,9563,7047,8473, , ,8292, ,
01-Nov-1973,3646.85,16836900,42232,10770,7376,7100, , ,6932, ,
01-Dec-1973,3648.84,17081800,34155,10905,6354,5768, , ,5417, ,
01-Jan-1974,3647.09,16866200,10899,11012,6130,14100, , ,13759, ,
01-Feb-1974,3648.49,17038400,11920,9494,6466,5824, , ,5388, ,
01-Mar-1974,3651.14,17367900,20496,12275,11706,6621, , ,6319, ,
01-Apr-1974,3652.34,17518600,32740,11256,12726,8682, , ,8311, ,
01-May-1974,3662.30,18805400,40395,35227,42671,13304, , ,13067, ,
01-Jun-1974,3667.35,19484400,65352,29783,40041,15397, , ,15356, ,
01-Jul-1974,3662.62,18847800,77713,11799,15256,20094, , ,19946, ,
01-Aug-1974,3655.82,17960700,74594,6736,5678,19751, , ,19723, ,
01-Sep-1974,3651.73,17441600,66321,6437,3381,13719, , ,13887, ,
01-Oct-1974,3650.71,17313800,45330,8462,5692,9801, , ,9798, ,
01-Nov-1974,3649.46,17158000,43300,10389,7843,12062, , ,11936, ,
01-Dec-1974,3648.27,17010700,34414,7935,4825,9467, , ,9175, ,
01-Jan-1975,3645.78,16705500,10826,8531,5291,12754, , ,12495, ,
01-Feb-1975,3645.34,16651900,11733,9510,6278,10316, , ,10007, ,
01-Mar-1975,3646.10,16744400,19951,10129,9079,8531, , ,8256, ,
01-Apr-1975,3647.81,16953800,31669,11569,12186,8143, , ,7712, ,
01-May-1975,3655.60,17932000,38494,30390,35548,14747, , ,14509, ,
01-Jun-1975,3668.90,19695800,64029,49003,61886,16786, , ,16592, ,
01-Jul-1975,3674.81,20521100,81960,37707,50469,20038, , ,19855, ,
01-Aug-1975,3671.89,20110000,81773,12201,10609,16501, , ,16613, ,
01-Sep-1975,3668.06,19580500,73613,8790,6744,15988, , ,16240, ,
01-Oct-1975,3666.57,19377300,50158,8243,5840,9907, , ,10358, ,
01-Nov-1975,3667.15,19456100,48120,10002,7254,7120, , ,7143, ,
01-Dec-1975,3667.88,19555700,38664,11291,6404,8548, , ,8460, ,
01-Jan-1976,3666.77,19404300,12464,9517,5014,11374, , ,11253, ,
01-Feb-1976,3665.43,19222800,13491,10001,7738,13023, , ,12901, ,
01-Mar-1976,3664.70,19124500,22676,9715,8923,11136, , ,10994, ,
01-Apr-1976,3664.17,19053300,35683,10219,11436,11117, , ,11095, ,
01-May-1976,3667.76,19539000,42588,24829,29593,17054, , ,17013, ,
01-Jun-1976,3672.16,20147200,67481,25244,33221,12583, , ,12709, ,
01-Jul-1976,3670.39,19900700,81039,10520,12442,12422, , ,12456, ,
01-Aug-1976,3667.44,19495100,79591,6885,6345,11626, , ,11710, ,
01-Sep-1976,3664.00,19030300,71609,7614,5257,14181, , ,14146, ,
01-Oct-1976,3661.24,18663600,48807,8101,6182,12917, , ,12878, ,
01-Nov-1976,3657.89,18225900,45848,8822,6046,15055, , ,15083, ,
01-Dec-1976,3655.31,17893800,36054,8775,4320,13071, , ,13179, ,
01-Jan-1977,3651.78,17446300,11350,9096,4401,16318, , ,16168, ,
01-Feb-1977,3651.53,17414800,12212,7953,4971,8589, , ,8481, ,
01-Mar-1977,3651.20,17373400,20646,7254,3891,7649, , ,7456, ,
01-Apr-1977,3652.63,17553100,32838,6269,4126,2864, , ,2752, ,
01-May-1977,3654.27,17760800,39275,7696,4978,3576, , ,3344, ,
01-Jun-1977,3653.65,17682000,60755,7999,6850,8047, , ,7829, ,
01-Jul-1977,3649.36,17143800,71157,6498,4047,14227, , ,13782, ,
01-Aug-1977,3642.48,16305400,68307,6533,4603,19280, , ,19155, ,
01-Sep-1977,3636.70,15624300,60553,5863,4141,16364, , ,16420, ,
01-Oct-1977,3635.65,15502700,41115,5029,4058,6208, , ,6166, ,
01-Nov-1977,3634.62,15384100,39353,5442,4752,6758, , ,6554, ,
01-Dec-1977,3630.05,14865800,31023,5364,4623,13610, , ,13392, ,
01-Jan-1978,3625.02,14309900,9471,6047,5246,15492, , ,15412, ,
01-Feb-1978,3622.71,14059800,10034,6342,5417,11110, , ,10829, ,
01-Mar-1978,3622.69,14057500,16903,9166,9166,9524, , ,9421, ,
01-Apr-1978,3626.85,14510200,27230,15566,18254,8225, , ,8273, ,
01-May-1978,3635.62,15498900,33545,27163,33976,10558, , ,10530, ,
01-Jun-1978,3649.65,17179200,56196,44172,60111,12737, , ,12740, ,
01-Jul-1978,3652.29,17509400,71441,20244,27319,11484, , ,11412, ,
01-Aug-1978,3645.80,16705500,69931,5907,6030,17623, , ,17320, ,
01-Sep-1978,3640.17,16030000,61750,6211,4259,16556, , ,16277, ,
01-Oct-1978,3637.28,15691000,41839,6445,4973,11332, , ,11132, ,
01-Nov-1978,3636.08,15551700,39879,9516,8114,11397, , ,11281, ,
01-Dec-1978,3632.83,15178900,31326,8895,6279,14721, , ,14459, ,
01-Jan-1979,3628.84,14729900,9707,9147,6121,17022, , ,16563, ,
01-Feb-1979,3627.99,14635500,10311,11165,7339,13690, , ,13438, ,
01-Mar-1979,3635.03,15430300,18007,15582,12659,3675, , ,3324, ,
01-Apr-1979,3646.28,16763500,30325,28393,27817,6166, , ,5738, ,
01-May-1979,3663.76,18996400,39428,45654,51137,8715, , ,8415, ,
01-Jun-1979,3680.40,21322700,68825,54512,67934,10434, , ,10323, ,
01-Jul-1979,3684.32,21900600,87543,28053,29191,14037, , ,13980, ,
01-Aug-1979,3680.79,21379600,86536,10965,8584,17404, , ,17301, ,
01-Sep-1979,3678.10,20988800,78089,6933,4838,11374, , ,11535, ,
01-Oct-1979,3676.13,20706000,53547,6984,4763,9902, , ,10049, ,
01-Nov-1979,3673.50,20333000,50524,8326,6773,13453, , ,13477, ,
01-Dec-1979,3672.68,20217600,39942,9377,5269,10519, , ,10366, ,
01-Jan-1980,3673.03,20266700,12938,10724,6847,9871, , ,9825, ,
01-Feb-1980,3674.26,20440100,14133,13760,9934,10798, , ,10697, ,
01-Mar-1980,3675.54,20621600,24283,13005,10074,9762, , ,9851, ,
01-Apr-1980,3677.64,20922100,38361,18779,21056,14023, , ,14505, ,
01-May-1980,3691.72,23022700,48408,48318,59592,13348, , ,13750, ,
01-Jun-1980,3700.50,24408500,79508,51118,67913,25565, , ,24740, ,
01-Jul-1980,3696.40,23754000,95759,15839,21787,25775, , ,25778, ,
01-Aug-1980,3690.48,22831500,92095,6089,4404,20234, , ,20794, ,
01-Sep-1980,3687.78,22419600,82851,10407,8099,15717, , ,16490, ,
01-Oct-1980,3685.47,22071500,56677,7445,5045,12049, , ,12637, ,
01-Nov-1980,3682.81,21675700,53464,9444,6643,15451, , ,15729, ,
01-Dec-1980,3681.28,21450400,42183,9176,6648,12097, , ,12447, ,
01-Jan-1981,3679.57,21200700,13585,7959,4990,11684, , ,12124, ,
01-Feb-1981,3678.09,20986400,14641,7626,4903,10870, , ,11530, ,
01-Mar-1981,3677.75,20937300,24747,7064,5719,6885, , ,7524, ,
01-Apr-1981,3677.25,20865400,38851,7291,6928,7506, , ,7943, ,
01-May-1981,3677.76,20938700,46159,11031,12009,8605, , ,8992, ,
01-Jun-1981,3680.61,21352000,71684,17563,23222,8602, , ,8857, ,
01-Jul-1981,3677.79,20942900,85263,7954,7974,13611, , ,13753, ,
01-Aug-1981,3673.44,20323300,82797,5154,3379,14351, , ,14691, ,
01-Sep-1981,3671.96,20115700,74984,8704,6108,11021, , ,11212, ,
01-Oct-1981,3671.94,20112800,51973,10694,9325,9765, , ,9900, ,
01-Nov-1981,3670.68,19937300,49460,7473,6854,9768, , ,9827, ,
01-Dec-1981,3667.47,19495600,39044,6503,5182,13596, , ,13627, ,
01-Jan-1982,3663.75,18993200,12312,5887,4578,14526, , ,14511, ,
01-Feb-1982,3662.75,18859900,13134,9837,6860,12186, , ,12193, ,
01-Mar-1982,3663.96,19021200,22448,11472,10471,8201, , ,8273, ,
01-Apr-1982,3665.59,19240200,35586,14886,15237,10033, , ,10313, ,
01-May-1982,3674.59,20485200,44033,32606,39013,9749, , ,10022, ,
01-Jun-1982,3684.92,21988100,71767,39142,50698,10344, , ,10658, ,
01-Jul-1982,3687.35,22353200,89281,20824,30635,12647, , ,12959, ,
01-Aug-1982,3686.64,22246000,88837,14476,18397,14270, , ,14914, ,
01-Sep-1982,3687.27,22341000,81729,13473,13921,9770, , ,10375, ,
01-Oct-1982,3687.65,22398400,57113,14823,13773,12350, , ,12886, ,
01-Nov-1982,3686.26,22188600,54357,13489,11218,15952, , ,16384, ,
01-Dec-1982,3684.74,21960800,43135,12579,8841,15380, , ,15878, ,
01-Jan-1983,3683.32,21749700,13875,11377,7311,14616, , ,14859, ,
01-Feb-1983,3682.13,21573800,15014,12344,8448,15222, , ,15495, ,
01-Mar-1983,3684.62,21942800,25603,17640,16296,10357, , ,10742, ,
01-Apr-1983,3685.80,22119200,40760,19873,19003,15459, , ,15987, ,
01-May-1983,3695.08,23544100,49869,46310,52126,19946, , ,20471, ,
01-Jun-1983,3707.13,25493000,81969,92441,111917,26956, , ,55690, ,
01-Jul-1983,3707.45,25546300,100827,57376,57695,27010, , ,54800, ,
01-Aug-1983,3704.42,25044400,99329,22616,20946,27798, , ,29817, ,
01-Sep-1983,3698.86,24143000,88969,11835,9434,27619, , ,26700, ,
01-Oct-1983,3694.23,23410600,60126,13746,11651,26679, , ,25633, ,
01-Nov-1983,3689.82,22728100,55925,12346,10009,25329, , ,23794, ,
01-Dec-1983,3685.24,22034900,43661,11974,8803,25007, , ,23439, ,
01-Jan-1984,3680.53,21338500,13785,11383,6464,25012, , ,23391, ,
01-Feb-1984,3677.02,20830400,14664,14764,8338,25480, , ,24049, ,
01-Mar-1984,3674.10,20414700,24319,17075,12371,25403, , ,23981, ,
01-Apr-1984,3674.17,20424500,37872,25915,25593,26778, , ,25100, ,
01-May-1984,3687.83,22424600,46270,77335,88299,26599, , ,41452, ,
01-Jun-1984,3701.28,24531700,79007,82263,95590,25173, , ,42691, ,
01-Jul-1984,3702.15,24672800,97555,39959,43522,23950, , ,35894, ,
01-Aug-1984,3700.36,24383100,96529,21911,22393,24151, , ,25430, ,
01-Sep-1984,3695.91,23673800,87347,12411,11125,24999, , ,23817, ,
01-Oct-1984,3693.29,23263200,59390,15484,14344,22927, , ,21730, ,
01-Nov-1984,3689.20,22632600,55737,14258,11625,25591, , ,24767, ,
01-Dec-1984,3684.76,21962500,43539,13300,8789,25019, , ,24362, ,
01-Jan-1985,3680.50,21333500,13758,14308,8777,26076, , ,25133, ,
01-Feb-1985,3676.12,20701000,14606,14706,8206,26883, , ,26743, ,
01-Mar-1985,3676.47,20750900,24334,21518,18562,19673, , ,20246, ,
01-Apr-1985,3684.59,21936900,39375,42768,45503,19981, , ,20580, ,
01-May-1985,3695.58,23621400,50420,64821,71019,26442, , ,34413, ,
01-Jun-1985,3700.11,24342300,80210,54646,63854,30674, , ,40214, ,
01-Jul-1985,3697.12,23864600,95537,21648,21655,27655, , ,28484, ,
01-Aug-1985,3690.74,22868100,92658,10572,9006,25588, , ,26568, ,
01-Sep-1985,3685.66,22096600,82158,10782,8517,22888, , ,23404, ,
01-Oct-1985,3686.23,22182100,56549,14127,13349,11659, , ,11705, ,
01-Nov-1985,3686.47,22218200,54141,13469,10593,11928, , ,11903, ,
01-Dec-1985,3687.19,22326700,43502,13561,9208,11195, , ,10948, ,
01-Jan-1986,3685.59,22085900,14136,12217,6915,16754, , ,16217, ,
01-Feb-1986,3683.57,21784600,15186,15140,11157,21273, , ,20725, ,
01-Mar-1986,3680.68,21359000,25411,17745,16311,24906, , ,24807, ,
01-Apr-1986,3682.06,21561400,39843,33470,35476,28641, , ,29127, ,
01-May-1986,3685.09,22010800,48126,53509,57930,32342, , ,44833, ,
01-Jun-1986,3694.99,23527900,76522,63865,83014,31117, , ,35044, ,
01-Jul-1986,3699.71,24277200,95394,36348,38499,20127, , ,21636, ,
01-Aug-1986,3694.72,23485400,94381,12905,12048,24458, , ,25278, ,
01-Sep-1986,3689.62,22695600,84252,14202,12775,26532, , ,27120, ,
01-Oct-1986,3689.22,22634400,57712,18622,18039,18093, , ,18759, ,
01-Nov-1986,3688.06,22457800,54960,18789,15944,20720, , ,21070, ,
01-Dec-1986,3684.36,21901500,43308,15953,10186,24760, , ,25020, ,
01-Jan-1987,3679.07,21124100,13684,12839,6644,25871, , ,26271, ,
01-Feb-1987,3677.65,20918900,14607,16727,11374,19725, , ,20454, ,
01-Mar-1987,3679.42,21174700,24813,18536,16241,12857, , ,13639, ,
01-Apr-1987,3684.45,21914600,39843,27524,29322,12829, , ,13425, ,
01-May-1987,3694.57,23461400,49997,40375,51427,12147, , ,12393, ,
01-Jun-1987,3698.37,24062200,79490,28836,36585,16764, , ,16595, ,
01-Jul-1987,3696.09,23700300,94989,12921,10501,17872, , ,17733, ,
01-Aug-1987,3691.61,23000800,92532,10061,9587,20929, , ,20842, ,
01-Sep-1987,3687.95,22440500,83136,7582,5633,16148, , ,16354, ,
01-Oct-1987,3687.79,22416200,57056,8933,6836,8135, , ,8431, ,
01-Nov-1987,3687.43,22361700,54723,11989,9985,12210, , ,12058, ,
01-Dec-1987,3685.30,22041100,43339,8014,5298,13163, , ,12940, ,
01-Jan-1988,3683.04,21704800,13904,7691,4518,13599, , ,13371, ,
01-Feb-1988,3681.75,21514500,15013,10295,7558,13849, , ,13607, ,
01-Mar-1988,3681.69,21505600,25347,11494,10709,11260, , ,11238, ,
01-Apr-1988,3683.61,21789100,40059,15275,17036,9371, , ,9456, ,
01-May-1988,3688.01,22449200,48537,21423,23999,8994, , ,9040, ,
01-Jun-1988,3692.90,23200000,76674,23767,28737,8855, , ,8852, ,
01-Jul-1988,3690.98,22903000,92285,7865,7606,11690, , ,11581, ,
01-Aug-1988,3688.08,22459700,90147,6219,5011,12594, , ,12539, ,
01-Sep-1988,3685.61,22087100,81795,6176,5092,11557, , ,11564, ,
01-Oct-1988,3684.19,21874951,56124,5501,4234,8393, , ,8315, ,
01-Nov-1988,3682.10,21565597,53166,5334,4579,10221, , ,10055, ,
01-Dec-1988,3679.76,21223122,42023,4861,4009,10477, , ,10193, ,
01-Jan-1989,3676.59,20765699,13389,4083,3340,12251, , ,11900, ,
01-Feb-1989,3674.61,20483744,14335,6445,5955,11980, , ,11670, ,
01-Mar-1989,3674.60,20482326,24191,9922,12160,9745, , ,9554, ,
01-Apr-1989,3675.85,20659984,38232,12954,16223,9142, , ,9087, ,
01-May-1989,3677.84,20945190,45950,14338,17373,8708, , ,8581, ,
01-Jun-1989,3677.67,20921271,70920,13150,17541,12715, , ,12392, ,
01-Jul-1989,3673.59,20339619,83168,4320,5461,13558, , ,13184, ,
01-Aug-1989,3669.76,19805292,80865,6016,5520,14484, , ,14086, ,
01-Sep-1989,3665.20,19183233,72465,3736,2088,13742, , ,13357, ,
01-Oct-1989,3663.44,18947699,49301,5572,3867,9074, , ,8908, ,
01-Nov-1989,3661.34,18668673,46681,5483,4849,9899, , ,9763, ,
01-Dec-1989,3658.46,18291767,36802,4457,4027,10486, , ,10479, ,
01-Jan-1990,3655.60,17922869,11600,4929,4409,11225, , ,11220, ,
01-Feb-1990,3653.17,17613525,12450,4888,3690,10812, , ,10680, ,
01-Mar-1990,3651.03,17344273,20792,6022,6135,10318, , ,10413, ,
01-Apr-1990,3649.51,17154802,32454,6949,7657,9617, , ,9842, ,
01-May-1990,3648.79,17065576,38162,9288,11523,10160, , ,10234, ,
01-Jun-1990,3650.51,17279285,59044,17495,24178,12681, , ,12623, ,
01-Jul-1990,3647.31,16883207,70073,7056,9454,13100, , ,12873, ,
01-Aug-1990,3641.06,16128570,67605,3685,3209,16009, , ,15841, ,
01-Sep-1990,3637.61,15722660,60388,5627,5086,12117, , ,11979, ,
01-Oct-1990,3637.39,15696996,41493,7611,7396,7404, , ,7387, ,
01-Nov-1990,3636.24,15563466,39811,6597,6491,8300, , ,8351, ,
01-Dec-1990,3633.48,15246237,31482,4416,4494,9535, , ,9476, ,
01-Jan-1991,3630.71,14932500,9785,5650,8201,10994, , ,11001, ,
01-Feb-1991,3629.00,14741149,10480,7092,8884,10795, , ,10624, ,
01-Mar-1991,3627.75,14602391,17674,7452,8144,9606, , ,9602, ,
01-Apr-1991,3627.61,14586921,27754,9520,12595,9239, , ,9334, ,
01-May-1991,3632.30,15112027,33176,22269,25220,12374, , ,12507, ,
01-Jun-1991,3639.02,15887665,53841,28412,39640,13382, , ,13429, ,
01-Jul-1991,3635.59,15488352,64824,9143,10240,15310, , ,15102, ,
01-Aug-1991,3631.22,14989915,63096,6723,6483,14615, , ,14452, ,
01-Sep-1991,3628.62,14698880,56884,8956,8371,13507, , ,13282, ,
01-Oct-1991,3627.24,14546049,38927,6725,4480,9045, , ,8777, ,
01-Nov-1991,3626.59,14474481,37281,9014,8660,9976, , ,9686, ,
01-Dec-1991,3624.55,14251493,29574,7633,6065,11307, , ,11069, ,
01-Jan-1992,3621.26,13897188,9168,6687,4857,13033, , ,12761, ,
01-Feb-1992,3619.83,13745243,9770,8427,7655,11313, , ,11110, ,
01-Mar-1992,3619.39,13698705,16526,9102,9614,9801, , ,9650, ,
01-Apr-1992,3621.41,13913188,26292,13926,15266,9833, , ,9591, ,
01-May-1992,3630.73,14934751,32331,27973,27958,9695, , ,9504, ,
01-Jun-1992,3633.74,15275925,52708,18217,20747,11352, , ,11139, ,
01-Jul-1992,3630.54,14913406,62644,8455,8185,14230, , ,13804, ,
01-Aug-1992,3626.16,14427250,60790,6089,4279,14241, , ,13639, ,
01-Sep-1992,3623.01,14084829,54769,6188,3876,12157, , ,11482, ,
01-Oct-1992,3621.21,13891849,37352,5931,4183,8930, , ,8713, ,
01-Nov-1992,3619.44,13703991,35654,7005,6675,10081, , ,9815, ,
01-Dec-1992,3615.91,13334385,28065,5003,4130,11265, , ,11039, ,
01-Jan-1993,3613.68,13104284,8650,8848,9989,12964, , ,12749, ,
01-Feb-1993,3612.60,12993802,9261,9517,8659,11644, , ,11499, ,
01-Mar-1993,3616.66,13412363,15899,17332,15161,9852, , ,9721, ,
01-Apr-1993,3623.70,14159317,26301,23955,23633,10008, , ,9955, ,
01-May-1993,3646.67,16804762,34199,56664,63742,9620, , ,9642, ,
01-Jun-1993,3666.34,19337327,62290,57325,65296,10298, , ,10312, ,
01-Jul-1993,3667.73,19526472,79331,19190,21858,14605, , ,14578, ,
01-Aug-1993,3664.39,19074333,77805,8411,8987,15035, , ,15088, ,
01-Sep-1993,3662.52,18824804,70591,7769,6616,11103, , ,11111, ,
01-Oct-1993,3662.26,18790311,48672,8850,7626,8676, , ,8664, ,
01-Nov-1993,3661.53,18693737,46518,9345,6773,10364, , ,10316, ,
01-Dec-1993,3659.31,18402435,36913,8426,5339,13003, , ,12942, ,
01-Jan-1994,3657.15,18122129,11701,8287,5950,13107, , ,13020, ,
01-Feb-1994,3655.04,17851241,12569,7451,6012,12405, , ,12493, ,
01-Mar-1994,3654.52,17784914,21188,9251,10472,9872, , ,10071, ,
01-Apr-1994,3654.01,17720033,33262,9903,11263,10256, , ,10521, ,
01-May-1994,3661.03,18627816,40145,26541,27352,9737, , ,9943, ,
01-Jun-1994,3665.66,19245283,64806,22926,23611,10485, , ,10630, ,
01-Jul-1994,3661.76,18724121,77089,6003,2345,13754, , ,13904, ,
01-Aug-1994,3656.90,18089882,74428,4277,1943,13994, , ,14207, ,
01-Sep-1994,3654.42,17772167,67109,6022,3858,10470, , ,10661, ,
01-Oct-1994,3653.73,17684480,46178,7383,6181,8168, , ,8172, ,
01-Nov-1994,3652.40,17516298,44081,6138,5988,8410, , ,8450, ,
01-Dec-1994,3650.04,17220702,34883,6445,5356,11193, , ,11070, ,
01-Jan-1995,3646.98,16842725,10975,5842,4773,12552, , ,12302, ,
01-Feb-1995,3644.74,16569855,11747,6686,6587,12085, , ,11781, ,
01-Mar-1995,3645.21,16626838,19815,11156,13772,9951, , ,9832, ,
01-Apr-1995,3646.52,16786431,31486,14072,12763,10387, , ,10646, ,
01-May-1995,3658.91,18350285,38754,38263,36455,10028, , ,10165, ,
01-Jun-1995,3680.28,21298870,66895,71138,85032,16734, , ,16497, ,
01-Jul-1995,3693.59,23307302,90352,54215,64703,17768, , ,17468, ,
01-Aug-1995,3691.43,22972229,91936,13875,14574,18516, , ,18265, ,
01-Sep-1995,3687.10,22311240,82956,7634,6696,18227, , ,18237, ,
01-Oct-1995,3684.58,21933068,56435,9018,7126,14629, , ,14742, ,
01-Nov-1995,3682.88,21680640,53326,10698,7830,14468, , ,14384, ,
01-Dec-1995,3680.92,21392359,42254,10350,6367,14877, , ,14726, ,
01-Jan-1996,3677.85,20946632,13492,8246,5216,15814, , ,15855, ,
01-Feb-1996,3676.08,20692796,14490,9790,8065,14024, , ,14304, ,
01-Mar-1996,3672.74,20220090,24305,10513,8693,15512, , ,18420, ,
01-Apr-1996,3672.50,20186442,37566,18707,18243,17538, , ,18686, ,
01-May-1996,3680.90,21389430,45708,38896,42968,17089, , ,17023, ,
01-Jun-1996,3687.75,22409548,73658,37313,42342,17352, , ,17560, ,
01-Jul-1996,3686.49,22219242,89628,14177,16993,15999, , ,16062, ,
01-Aug-1996,3682.20,21580303,87383,5010,3380,14802, , ,14811, ,
01-Sep-1996,3679.29,21154837,78732,7423,4845,13939, , ,13822, ,
01-Oct-1996,3678.00,20968236,54046,8438,6751,10626, , ,10837, ,
01-Nov-1996,3677.49,20894802,51473,10171,8989,10462, , ,10639, ,
01-Dec-1996,3674.71,20497895,40788,8438,6640,14552, , ,14746, ,
01-Jan-1997,3671.10,19991015,12937,8750,6976,17270, , ,17442, ,
01-Feb-1997,3666.22,19321047,13747,9565,6682,22468, , ,22346, ,
01-Mar-1997,3663.22,18917909,22488,18285,18063,25001, , ,25001, ,
01-Apr-1997,3664.64,19107890,35428,25812,24664,21769, , ,21769, ,
01-May-1997,3678.84,21089613,44034,56371,63772,20847, , ,20847, ,
01-Jun-1997,3694.08,23383798,75341,67883,82290,24977, , ,24977, ,
01-Jul-1997,3693.50,23293257,93368,21243,21330,21315, , ,21315, ,
01-Aug-1997,3690.91,22892093,91698,14791,17144,20347, , ,20346, ,
01-Sep-1997,3690.32,22801446,83426,18952,19051,19196, , ,19195, ,
01-Oct-1997,3688.70,22553819,57797,16183,14951,19593, , ,19592, ,
01-Nov-1997,3685.85,22123055,54429,13481,10556,20385, , ,20385, ,
01-Dec-1997,3682.30,21595052,42803,11819,7794,20397, , ,20397, ,
01-Jan-1998,3678.93,21102625,13597,11065,7831,19494, , ,19493, ,
01-Feb-1998,3675.64,20630028,14529,10720,8181,19649, , ,19648, ,
01-Mar-1998,3673.12,20273472,24095,13604,12202,19475, , ,19475, ,
01-Apr-1998,3676.45,20745648,38130,22638,23489,13428, , ,13427, ,
01-May-1998,3689.30,22645310,47800,48829,51093,14685, , ,14685, ,
01-Jun-1998,3696.27,23727909,77932,39387,44860,18428, , ,18428, ,
01-Jul-1998,3695.24,23565606,94363,18991,24662,20307, , ,20307, ,
01-Aug-1998,3690.74,22865953,92138,10173,10113,20964, , ,20963, ,
01-Sep-1998,3687.71,22403483,82961,10060,7747,17059, , ,17059, ,
01-Oct-1998,3686.35,22198187,56743,11992,10328,14675, , ,14675, ,
01-Nov-1998,3685.54,22076560,54087,12231,11729,13530, , ,13530, ,
01-Dec-1998,3682.70,21654053,42844,8058,6018,14783, , ,14783, ,
01-Jan-1999,3680.59,21344131,13679,9398,7410,14619, , ,14619, ,
01-Feb-1999,3678.83,21088164,14755,9718,7359,14392, , ,14430, ,
01-Mar-1999,3677.64,20916366,24756,10117,8252,12732, , ,12732, ,
01-Apr-1999,3677.48,20893363,38843,12124,11252,11889, , ,11889, ,
01-May-1999,3682.07,21561176,46660,29496,34984,17008, , ,17008, ,
01-Jun-1999,3693.57,23304180,75497,49338,57519,16434, , ,16434, ,
01-Jul-1999,3694.04,23377541,93281,20586,25986,17781, , ,17781, ,
01-Aug-1999,3693.49,23291697,92459,18789,19192,18793, , ,18793, ,
01-Sep-1999,3691.59,22996950,84660,14982,11846,18910, , ,18909, ,
01-Oct-1999,3688.57,22534054,57928,9937,6757,17087, , ,17126, ,
01-Nov-1999,3684.82,21968875,54300,8472,6400,17818, , ,17817, ,
01-Dec-1999,3681.27,21443640,42502,7872,5425,16406, , ,16406, ,
01-Jan-2000,3679.17,21137411,13552,7933,5807,13092, , ,13092, ,
01-Feb-2000,3677.86,20948074,14641,7990,6601,11291, , ,11291, ,
01-Mar-2000,3676.96,20818690,24614,8668,7817,10541, , ,10540, ,
01-Apr-2000,3675.95,20674225,38601,13270,14506,15244, , ,15243, ,
01-May-2000,3678.53,21044755,45935,25644,29309,18383, , ,18389, ,
01-Jun-2000,3683.40,21757615,72680,22129,23302,7969, , ,7969, ,
01-Jul-2000,3682.12,21568545,87070,6121,4222,8026, , ,8026, ,
01-Aug-2000,3680.32,21304711,85754,4812,1446,8048, , ,8051, ,
01-Sep-2000,3677.80,20939423,77815,5707,3176,11029, , ,11029, ,
01-Oct-2000,3676.50,20752807,53499,7440,5876,9848, , ,9848, ,
01-Nov-2000,3673.32,20301595,50592,6153,5488,13493, , ,13492, ,
01-Dec-2000,3669.89,19823235,39673,5674,4749,13431, , ,13431, ,
01-Jan-2001,3666.27,19327829,12520,5330,4427,13828, , ,13828, ,
01-Feb-2001,3664.01,19023430,13372,6004,5356,11683, , ,11683, ,
01-Mar-2001,3662.82,18864671,22418,8140,8777,10564, , ,10564, ,
01-Apr-2001,3662.49,18820818,35182,9856,11842,10055, , ,10061, ,
01-May-2001,3669.70,19797000,42541,27624,33352,9786, , ,9786, ,
01-Jun-2001,3673.02,20259405,68221,19299,21710,9760, , ,9760, ,
01-Jul-2001,3669.46,19763890,81004,5617,5208,13003, , ,13003, ,
01-Aug-2001,3666.22,19321047,78834,6837,5860,13333, , ,13333, ,
01-Sep-2001,3664.84,19134795,71535,5428,2979,7607, , ,7607, ,
01-Oct-2001,3662.35,18802257,49051,4752,2583,9795, , ,9795, ,
01-Nov-2001,3660.14,18510914,46346,5668,4840,10177, , ,10181, ,
01-Dec-2001,3656.17,17995952,36383,4569,3681,13023, , ,13036, ,
01-Jan-2002,3652.33,17507501,11406,4696,3793,13090, , ,13085, ,
01-Feb-2002,3649.79,17189596,12161,4867,3881,10830, , ,10830, ,
01-Mar-2002,3647.67,16927421,20327,5516,4823,9790, , ,9790, ,
01-Apr-2002,3645.85,16704682,31728,6608,6498,10118, , ,10117, ,
01-May-2002,3644.46,16535969,37112,7238,5063,9598, , ,9598, ,
01-Jun-2002,3640.91,16110750,56284,5793,4781,12565, , ,12564, ,
01-Jul-2002,3634.24,15333130,64919,1990,-299,14593, , ,14593, ,
01-Aug-2002,3627.45,14569225,61925,2120,-811,14531, , ,14531, ,
01-Sep-2002,3626.53,14467880,55772,7222,5216,8124, , ,8118, ,
01-Oct-2002,3624.72,14269970,38333,5222,4193,8075, , ,8075, ,
01-Nov-2002,3623.25,14110706,36548,5723,5603,7999, , ,7999, ,
01-Dec-2002,3620.10,13773841,28807,4335,3885,9783, , ,9783, ,
01-Jan-2003,3615.28,13269125,8819,4033,3579,12754, , ,12754, ,
01-Feb-2003,3611.02,12833247,9263,4548,4207,12857, , ,12857, ,
01-Mar-2003,3607.13,12443571,15342,6196,6801,12791, , ,12791, ,
01-Apr-2003,3605.10,12243413,23838,6869,7243,10101, , ,10101, ,
01-May-2003,3610.26,12756490,28172,20071,21737,10601, , ,10601, ,
01-Jun-2003,3616.20,13364505,46505,25971,32012,14154, , ,14154, ,
01-Jul-2003,3610.63,12793807,55104,5514,3934,14642, , ,14641, ,
01-Aug-2003,3604.21,12156322,52756,4327,1805,14666, , ,14666, ,
01-Sep-2003,3603.73,12109533,47732,7902,7290,7950, , ,7949, ,
01-Oct-2003,3601.93,11935147,32872,5447,4282,7976, , ,7976, ,
01-Nov-2003,3600.48,11795920,31450,5984,5792,7982, , ,7982, ,
01-Dec-2003,3597.22,11486774,24802,4765,4506,9792, , ,9791, ,
01-Jan-2004,3591.80,10984245,7458,4122,3848,12827, , ,12827, ,
01-Feb-2004,3586.84,10536874,7753,4645,4502,12910, , ,12910, ,
01-Mar-2004,3582.78,10179570,12801,7028,9018,13096, , ,13096, ,
01-Apr-2004,3582.93,10192620,20176,11510,14999,10933, , ,10934, ,
01-May-2004,3587.17,10566253,24053,16637,20030,9683, , ,9683, ,
01-Jun-2004,3586.16,10476457,38080,12485,16871,13475,0,0,13475, ,
01-Jul-2004,3579.70,9913853,44474,5480,6739,14645,0,0,14639, ,
01-Aug-2004,3572.10,9277886,42195,4086,2015,14570,0,0,14570, ,
01-Sep-2004,3570.77,9169460,37718,6793,5249,8127,0,0,8127, ,
01-Oct-2004,3570.50,9147553,26108,8065,7864,8025,0,0,8025, ,
01-Nov-2004,3567.28,8889033,25251,7769,9057,10478,1559,0,12036, ,
01-Dec-2004,3564.42,8663616,19630,6109,6101,9749,0,0,9749, ,
01-Jan-2005,3562.07,8481378,5795,9526,9784,12639,0,0,12633, ,
01-Feb-2005,3559.23,8264678,6049,8860,9320,12965,0,0,12965, ,
01-Mar-2005,3555.90,8015213,10137,8839,9934,13056,0,0,13056, ,
01-Apr-2005,3562.81,8538478,16274,18613,21956,8842,0,0,8842, ,
01-May-2005,3586.53,10509305,21621,44679,50955,9711,0,0,9711, ,
01-Jun-2005,3606.28,12359502,41209,47408,54874,13072,63,0,13134, ,
01-Jul-2005,3606.87,12417834,52922,15711,19750,13823,0,0,13826, ,
01-Aug-2005,3602.83,12022139,51895,8074,7117,14180,0,0,14180, ,
01-Sep-2005,3601.97,11939007,47095,7627,5225,8349,0,0,8344, ,
01-Oct-2005,3602.77,12016321,32730,10245,9884,8354,0,0,8354, ,
01-Nov-2005,3602.36,11976667,31756,8450,7796,8636,0,0,8636, ,
01-Dec-2005,3598.17,11576323,25018,6408,5187,13033,0,0,13033, ,
01-Jan-2006,3594.21,11205927,7559,6629,5627,13012,0,0,13012, ,
01-Feb-2006,3589.70,10793364,7921,6529,5484,14409,0,0,14409, ,
01-Mar-2006,3588.71,10704126,13272,8439,7880,9790,0,0,9790, ,
01-Apr-2006,3592.99,11093352,21251,17554,19362,10132,0,0,10132, ,
01-May-2006,3605.25,12258121,26597,30674,35721,9783,0,0,9783, ,
01-Jun-2006,3610.35,12765572,44625,23424,25919,13464,0,0,13464, ,
01-Jul-2006,3606.85,12415852,53313,8201,7423,13477,0,0,13477, ,
01-Aug-2006,3602.78,12017290,51887,7293,5973,13450,0,0,13450, ,
01-Sep-2006,3601.74,11916846,47055,7979,6493,9011,0,0,9011, ,
01-Oct-2006,3607.96,12526054,33615,21104,22686,9857,1,0,9857, ,
01-Nov-2006,3606.85,12415842,32806,8677,9056,10126,0,0,10126, ,
01-Dec-2006,3603.39,12076466,25850,7480,5853,13020,0,0,13020, ,
01-Jan-2007,3599.51,11703394,7846,6591,4794,13016,0,0,13016, ,
01-Feb-2007,3597.91,11551778,8318,8086,7042,10884,0,0,10884, ,
01-Mar-2007,3598.81,11636909,14132,11515,13391,9790,0,0,9790, ,
01-Apr-2007,3600.35,11783493,22774,13133,14833,10089,0,0,10089, ,
01-May-2007,3609.61,12691083,27874,26175,28401,9780,0,0,9780, ,
01-Jun-2007,3611.50,12881880,45119,17691,21652,13470,0,0,13470, ,
01-Jul-2007,3607.35,12465407,53564,6633,5222,13077,0,0,13077, ,
01-Aug-2007,3603.58,12094938,52117,7416,6463,13076,0,0,13076, ,
01-Sep-2007,3601.87,11929370,47117,7940,5296,10147,6,0,10153, ,
01-Oct-2007,3600.62,11809316,32488,8193,7014,9773,0,0,9773, ,
01-Nov-2007,3598.63,11619851,31124,7221,5995,10137,0,0,10137, ,
01-Dec-2007,3594.64,11245782,24483,6882,5962,13054,0,0,13054, ,
01-Jan-2008,3590.66,10880359,7354,6723,5041,13022,0,0,13022, ,
01-Feb-2008,3590.66,10880359,7823,10607,7896,10471,0,0,10471, ,
01-Mar-2008,3589.77,10799697,13274,12302,10190,11990,1513,0,13503, ,
01-Apr-2008,3594.09,11194825,21494,18935,19224,11402,0,0,11402, ,
01-May-2008,3610.81,12812006,27126,41698,45893,12852,0,0,12852, ,
01-Jun-2008,3631.05,14970763,49069,53305,57274,13299,0,0,13299, ,
01-Jul-2008,3633.00,15191540,63035,18977,23510,14074,0,0,14074, ,
01-Aug-2008,3629.55,14802503,62186,8646,6907,14468,0,0,14468, ,
01-Sep-2008,3626.90,14508577,56189,7766,4990,12157,0,0,12157, ,
01-Oct-2008,3623.82,14172307,38257,6892,5000,12176,0,0,12176, ,
01-Nov-2008,3621.90,13965594,36253,6991,6374,10133,0,0,10133, ,
01-Dec-2008,3617.89,13540898,28477,6024,4819,13021,0,0,13021, ,
01-Jan-2009,3614.17,13154627,8715,6406,5357,13049,0,0,13049, ,
01-Feb-2009,3612.05,12937756,9269,6786,5821,10837,0,0,10837, ,
01-Mar-2009,3610.43,12773632,15595,7551,7962,10180,0,0,10180, ,
01-Apr-2009,3611.26,12857547,24562,12087,14092,10151,0,0,10151, ,
01-May-2009,3629.09,14751176,30915,43233,50956,9469,0,0,9469, ,
01-Jun-2009,3640.49,16060989,53620,35837,43967,11162,0,0,11162, ,
01-Jul-2009,3641.14,16138064,66784,15499,18345,13059,0,0,13059, ,
01-Aug-2009,3637.50,15709825,65521,6591,3136,13047,0,0,13047, ,
01-Sep-2009,3635.37,15462973,59336,6567,3125,10050,0,0,10050, ,
01-Oct-2009,3633.52,15250803,40675,7017,4315,10082,0,0,10082, ,
01-Nov-2009,3631.10,14976395,38642,7295,6057,11626,0,0,11626, ,
01-Dec-2009,3626.22,14433841,30210,5618,3532,14657,0,0,14657, ,
01-Jan-2010,3622.14,13991311,9232,7023,5035,14645,0,0,14645, ,
01-Feb-2010,3620.16,13780191,9816,7424,5808,11353,0,0,11353, ,
01-Mar-2010,3619.41,13700829,16559,8672,8715,9789,8,0,9797, ,
01-Apr-2010,3620.50,13816275,26141,12651,16467,10116,0,0,10116, ,
01-May-2010,3625.96,14405339,31622,20641,23490,9780,0,0,9780, ,
01-Jun-2010,3638.82,15864183,53042,37470,45118,10100,0,0,10100, ,
01-Jul-2010,3636.52,15595908,65086,9398,8881,13051,0,0,13051, ,
01-Aug-2010,3634.55,15368674,64100,10090,8403,13039,0,0,13039, ,
01-Sep-2010,3633.66,15266787,58426,7203,4097,8070,0,0,8070, ,
01-Oct-2010,3634.08,15314809,40612,9563,7116,8059,0,0,8059, ,
01-Nov-2010,3630.31,14887584,38625,6505,5908,13610,1,0,13610, ,
01-Dec-2010,3626.54,14468976,30140,6906,6418,13769,0,0,13769, ,
01-Jan-2011,3620.55,13821588,9204,4997,4220,16219,0,0,16219, ,
01-Feb-2011,3614.95,13235015,9558,6125,5050,17360,0,0,17360, ,
01-Mar-2011,3610.73,12803921,15767,9489,9457,16805,0,0,16805, ,
01-Apr-2011,3611.93,12925552,24596,18419,19088,15798,0,0,15798, ,
01-May-2011,3623.13,14097762,30325,40130,39689,19048,0,0,19048, ,
01-Jun-2011,3648.98,17089086,54041,78338,87434,23137,0,0,23137, ,
01-Jul-2011,3660.86,18605441,73772,51959,61266,24125,0,0,24125, ,
01-Aug-2011,3655.34,17889579,74093,12678,10803,24047,0,0,24047, ,
01-Sep-2011,3653.01,17593301,66510,11235,7671,15495,0,0,15495, ,
01-Oct-2011,3650.27,17249350,45491,10248,8340,15550,0,0,15550, ,
01-Nov-2011,3645.67,16682755,42799,8908,8509,18473,0,0,18473, ,
01-Dec-2011,3639.75,15973570,33046,7978,5897,19897,0,0,19897, ,
01-Jan-2012,3636.91,15641172,10222,8183,5789,13855,0,0,13855, ,
01-Feb-2012,3635.28,15452603,10962,7996,5953,11346,0,0,11346, ,
01-Mar-2012,3635.33,15458364,18516,10161,9107,9759,0,0,9759, ,
01-Apr-2012,3635.76,15507966,29435,11585,12838,10190,0,0,10190, ,
01-May-2012,3636.83,15631880,34913,12518,12879,9774,0,0,9774, ,
01-Jun-2012,3633.90,15294215,53612,6681,5940,11909,0,0,11909, ,
01-Jul-2012,3628.45,14679979,62134,4628,2505,14406,0,0,14406, ,
01-Aug-2012,3623.62,14150670,59846,4694,1647,13018,0,0,13018, ,
01-Sep-2012,3621.56,13929222,54014,4970,1749,8081,0,0,8081, ,
01-Oct-2012,3619.46,13706110,36965,4783,3093,8101,0,0,8101, ,
01-Nov-2012,3615.10,13250511,35025,4588,4144,10961,1307,0,12268, ,
01-Dec-2012,3609.82,12712525,27164,4019,3273,13027,0,0,13027, ,
01-Jan-2013,3604.42,12176834,8171,3749,2739,13025,0,0,13025, ,
01-Feb-2013,3601.47,11890863,8597,5394,4723,10800,0,0,10800, ,
01-Mar-2013,3598.96,11651135,14370,5801,5892,9778,0,0,9778, ,
01-Apr-2013,3596.53,11422008,22446,5477,5961,9259,0,0,9259, ,
01-May-2013,3599.44,11696734,26338,15037,18241,9783,0,0,9783, ,
01-Jun-2013,3600.07,11756753,41865,15235,15773,13443,0,0,13443, ,
01-Jul-2013,3594.17,11202228,49106,4842,2321,13784,0,0,13784, ,
01-Aug-2013,3589.64,10787947,47357,6520,4435,13027,0,0,13027, ,
01-Sep-2013,3591.25,10934043,43513,13475,14406,10092,0,0,10092, ,
01-Oct-2013,3590.88,10900357,30339,7726,8928,7825,0,0,7825, ,
01-Nov-2013,3587.90,10631470,29032,7307,7999,9294,2405,0,11699, ,
01-Dec-2013,3584.43,10323809,22803,4736,4794,9769,0,0,9769, ,
01-Jan-2014,3578.69,9827727,6762,4413,4398,13016,0,0,13016, ,
01-Feb-2014,3575.55,9563112,7033,5775,5940,10795,0,0,10795, ,
01-Mar-2014,3574.76,9497289,11886,7227,8285,8189,0,0,8189, ,
01-Apr-2014,3577.56,9731949,18942,13009,16208,8432,0,0,8432, ,
01-May-2014,3589.38,10764472,23619,26543,33856,8023,0,0,8023, ,
01-Jun-2014,3609.19,12648940,42396,44970,51077,10054,0,0,10054, ,
01-Jul-2014,3608.05,12535019,53460,11880,13623,13012,0,0,13012, ,
01-Aug-2014,3605.82,12314154,52648,10005,8413,13028,0,0,13028, ,
01-Sep-2014,3605.53,12285625,48258,10448,8589,10154,0,0,10154, ,
01-Oct-2014,3605.57,12289557,33576,10340,11644,9725,0,0,9725, ,
01-Nov-2014,3601.87,11929370,31925,7054,7117,10836,2219,0,13055, ,
01-Dec-2014,3597.75,11536684,24950,7567,6647,14058,0,0,14058, ,
01-Jan-2015,3593.57,11146783,7513,7295,5658,14021,0,0,14021, ,
01-Feb-2015,3592.23,11023589,7978,8357,7635,10609,0,0,10609, ,
01-Mar-2015,3591.02,10913095,13516,8839,8986,10560,0,0,10560, ,
01-Apr-2015,3590.18,10836808,21365,9063,10731,10089,0,0,10089, ,
01-May-2015,3597.27,11491480,25496,23277,26225,11364,0,0,11364, ,
01-Jun-2015,3613.54,13089932,43627,43190,56958,13445,0,0,13445, ,
01-Jul-2015,3612.62,12995833,55171,16293,17433,17048,0,0,17048, ,
01-Aug-2015,3609.07,12636916,54119,7576,5091,13000,0,0,13000, ,
01-Sep-2015,3606.01,12332870,48864,7304,4644,12001,0,0,12001, ,
01-Oct-2015,3606.44,12375298,33630,11055,8709,9762,0,0,9762, ,
01-Nov-2015,3605.47,12279728,32500,8507,7082,9696,0,0,9696, ,
01-Dec-2015,3600.80,11826553,25527,6399,4328,13943,0,0,13943, ,
01-Jan-2016,3596.58,11426694,7680,7046,4880,13944,0,0,13944, ,
01-Feb-2016,3594.41,11224455,8122,8517,6883,12173,0,0,12173, ,
01-Mar-2016,3592.18,11019009,13688,7900,8994,11286,0,0,11286, ,
01-Apr-2016,3592.12,11013514,21501,11442,13679,11180,1,0,11180, ,
01-May-2016,3603.87,12123170,26243,31306,37315,11389,0,0,11389, ,
01-Jun-2016,3620.01,13764294,45667,43998,48857,13444,0,0,13444, ,
01-Jul-2016,3618.22,13575516,57591,13075,9669,15455,0,0,15455, ,
01-Aug-2016,3613.55,13090957,55890,7029,4121,14631,0,0,14631, ,
01-Sep-2016,3610.93,12824140,50338,7749,4720,11746,0,0,11746, ,
01-Oct-2016,3609.48,12678029,34579,7763,6197,9767,0,0,9767, ,
01-Nov-2016,3605.81,12313170,32727,6539,6433,10487,2125,0,12612, ,
01-Dec-2016,3600.49,11796878,25523,5957,4886,14611,0,0,14611, ,
01-Jan-2017,3595.86,11359338,7655,6756,5839,14317,0,0,14317, ,
01-Feb-2017,3594.33,11217043,8085,10176,9999,12797,0,0,12797, ,
01-Mar-2017,3595.91,11364007,13788,14555,18081,11749,0,0,11749, ,
01-Apr-2017,3604.14,12149494,22805,25103,27028,10463,0,0,10463, ,
01-May-2017,3619.09,13667058,29142,37740,38662,10611,0,0,10611, ,
01-Jun-2017,3634.89,15407724,50898,45037,52348,12588,0,0,12588, ,
01-Jul-2017,3634.69,15384745,63992,14464,17454,13827,0,0,13827, ,
01-Aug-2017,3630.88,14951625,62830,8054,7247,14639,0,0,14639, ,
01-Sep-2017,3628.31,14664438,56675,6884,3287,11144,0,0,11144, ,
01-Oct-2017,3627.09,14529509,38935,8675,7297,10412,0,0,10412, ,
01-Nov-2017,3625.29,14332082,37085,7629,6503,10589,0,0,10589, ,
01-Dec-2017,3622.85,14067595,29281,7859,4862,12028,0,0,12028, ,
01-Jan-2018,3619.14,13672331,9035,7197,4256,13992,0,0,13992, ,
01-Feb-2018,3616.02,13345812,9568,6963,4853,13141,0,0,13141, ,
01-Mar-2018,3612.23,12956078,15917,6424,5398,13011,0,0,13011, ,
01-Apr-2018,3609.39,12668997,24681,7050,6416,11846,0,0,11846, ,
01-May-2018,3611.54,12885938,28985,15743,19750,11461,0,0,11461, ,
01-Jun-2018,3609.98,12728287,45291,10672,14839,12772,0,0,12772, ,
01-Jul-2018,3603.80,12116351,52591,4097,2007,13990,0,0,13990, ,
01-Aug-2018,3597.12,11477376,50214,4231,183,14637,0,0,14637, ,
01-Sep-2018,3592.28,11027712,44769,3858,16,11267,0,0,11267, ,
01-Oct-2018,3590.46,10862199,30423,7758,5707,10170,0,0,10170, ,
01-Nov-2018,3586.50,10506637,28799,5161,4275,9834,1297,0,11130, ,
01-Dec-2018,3581.85,10098851,22494,5240,3713,12037,0,0,12037, ,
01-Jan-2019,3576.34,9629238,6616,4930,3456,13071,0,0,13071, ,
01-Feb-2019,3571.89,9260702,6857,6108,4598,13151,0,0,13151, ,
01-Mar-2019,3569.28,9049012,11424,9337,10163,12869,0,0,12869, ,
01-Apr-2019,3571.12,9197907,18022,15106,20874,12100,0,0,12100, ,
01-May-2019,3584.65,10343141,22874,32194,40843,11706,0,0,11706, ,
01-Jun-2019,3611.82,12914371,41265,60217,70677,12856,0,0,12856, ,
01-Jul-2019,3621.60,13933497,57132,32771,39866,13941,0,0,13941, ,
01-Aug-2019,3618.55,13610192,57625,9896,7680,14637,0,0,14637, ,
01-Sep-2019,3615.36,13277399,51996,6373,2403,11539,0,0,11539, ,
01-Oct-2019,3612.99,13033624,35459,6462,4306,10167,0,0,10167, ,
01-Nov-2019,3611.23,12854508,33816,7839,6788,10522,0,0,10522, ,
01-Dec-2019,3608.74,12603889,26718,8233,5734,12200,0,0,12200, ,
01-Jan-2020,3605.48,12280710,8183,6815,4511,12359,0,0,12359, ,
01-Feb-2020,3602.72,12011477,8669,6836,5013,11740,0,0,11740, ,
01-Mar-2020,3600.71,11817933,14520,8220,7731,11383,0,0,11383, ,
01-Apr-2020,3599.32,11685324,22816,8566,7975,10590,0,0,10590, ,
01-May-2020,3605.05,12238501,27281,20385,25067,10225,0,0,10225, ,
01-Jun-2020,3610.62,12792809,44664,21733,24415,10922,0,0,10922, ,
01-Jul-2020,3606.25,12356539,53208,5399,4712,12197,0,0,12197, ,
01-Aug-2020,3599.72,11723386,51158,3261,-323,13550,0,0,13550, ,
01-Sep-2020,3595.98,11370546,45693,4482,790,10118,0,0,10118, ,
01-Oct-2020,3591.72,10976930,30894,4001,1494,10412,0,0,10412, ,
01-Nov-2020,3587.72,10615367,29161,4686,4390,10759,0,0,10759, ,
01-Dec-2020,3582.21,10130046,22619,3535,2729,11691,0,0,11691, ,
01-Jan-2021,3576.45,9638469,6642,3880,3227,12406,0,0,12406, ,
01-Feb-2021,3571.46,9225599,6849,4240,3619,12146,0,0,12146, ,
01-Mar-2021,3566.71,8843790,11277,4856,4826,11379,0,0,11379, ,
01-Apr-2021,3562.37,8504490,17313,4689,4853,10556,0,0,10556, ,
01-May-2021,3560.57,8366443,19612,8045,8829,10151,0,0,10151, ,
01-Jun-2021,3560.06,8327615,30894,10756,13598,10942,0,0,10942, ,
01-Jul-2021,3553.88,7866268,35930,4957,3144,12476,0,0,12476, ,
01-Aug-2021,3548.96,7510963,34507,7348,4753,13027,0,0,13027, ,
01-Sep-2021,3545.36,7257712,31098,6380,2672,10454,0,0,10454, ,
01-Oct-2021,3544.25,7180773,21074,6808,5151,7817,0,0,7817, ,
01-Nov-2021,3541.84,7015587,20418,5750,5807,8405,0,0,8405, ,
01-Dec-2021,3537.33,6713123,15899,4712,4320,9766,0,0,9766, ,
01-Jan-2022,3531.52,6335175,4423,4379,4050,10945,0,0,10945, ,
01-Feb-2022,3526.97,6048301,4477,4225,3868,9723,0,0,9723, ,
01-Mar-2022,3523.13,5812418,7438,5318,5344,9341,0,0,9341, ,
01-Apr-2022,3522.77,5790596,11802,8239,9978,8436,0,0,8436, ,
01-May-2022,3531.69,6346048,14188,19713,22468,9726,0,0,9726, ,
01-Jun-2022,3539.81,6878423,24921,20130,21583,10049,0,0,10049, ,
01-Jul-2022,3536.20,6212161,27539,7523,7993,10933,0,0,10933, ,
01-Aug-2022,3531.69,5937931,26781,7222,5989,11603,0,0,11603, ,
01-Sep-2022,3529.33,5797422,24196,7052,4111,9196,0,0,9196, ,
01-Oct-2022,3529.92,5832352,16788,8694,7107,7808,0,0,7808, ,
01-Nov-2022,3528.02,5720326,16534,6620,5867,8375,0,0,8375, ,
01-Dec-2022,3524.75,5530546,12981,5819,4577,8942,0,0,8942, ,
01-Jan-2023,3523.45,5456139,3553,6894,5873,8140,4,0,8143, ,
01-Feb-2023,3521.04,5319754,3667,6065,4866,8650,1,0,8651, ,
01-Mar-2023,3522.02,5374970,6338,8978,9316,7904,2,0,7905, ,
01-Apr-2023,3524.99,5544348,10467,18532,23503,13771,1512,0,15282, ,
01-May-2023,3561.42,7887844,14739,59101,73515,17699,1,0,17699, ,
01-Jun-2023,3583.47,9574258,31199,49007,61274,17874,0,0,17874, ,
01-Jul-2023,3580.42,9327825,40321,15015,17145,18687,0,0,18687, ,
01-Aug-2023,3574.71,8878023,38545,7391,4995,14665,0,0,14665, ,
01-Sep-2023,3573.58,8790353,34882,6956,3757,7961,0,0,7961, ,
01-Oct-2023,3572.71,8723925,24074,7030,5275,7805,0,0,7805, ,
01-Nov-2023,3571.43,8626256,23359,7031,6386,8411,0,0,8411, ,
01-Dec-2023,3568.97,8440669,18443,6803,5266,9763,0,0,9763, ,
01-Jan-2024,3564.88,8138093,5339,6538,4608,11766,1,0,11766, ,
01-Feb-2024,3562.08,7935134,5558,7350,5996,11063,1,0,11064, ,
01-Mar-2024,3559.02,7717482,9291,7306,7404,10965,13,0,10978, ,
01-Apr-2024,3559.82,7773997,14703,11372,12322,10099,0,0,10099, ,
01-May-2024,3568.69,8419722,17928,21353,23106,9719,0,0,9719, ,
01-Jun-2024,3585.60,9748844,32223,35185,42463,10520,0,0,10520, ,
01-Jul-2024,3584.61,9667444,41205,10845,10518,8881,2723,0,11604, ,
01-Aug-2024,3581.01,9375164,40152,7876,5442,8170,4187,0,12357, ,
01-Sep-2024,3578.08,9141694,36434,5927,3498,5290,4263,0,9552, ,
01-Oct-2024,3576.88,9047223,24864,6594,4730,5112,2738,0,7849, ,
01-Nov-2024,3575.23,8918380,24070,6533,6534,7675,793,0,8467, ,
01-Dec-2024,3571.99,8668893,18941,5675,4868,9749,0,0,9749, ,
01-Jan-2025,3566.75,8275371,5469,4929,3827,11752,0,0,11752, ,
01-Feb-2025,3562.75,7983370,5621,5931,5505,11508,0,0,11508, ,
01-Mar-2025,3559.30,7737232,9331,6012,5954,10184,0,0,10184, ,
01-Apr-2025,3557.90,7638798,14684,8515,9797,10055,0,0,10055, ,
01-May-2025,3558.98,7714663,17124,11352,13805,9741,0,0,9741, ,
01-Jun-2025,3561.30,7879266,27720,14844,18197,11391,0,0,11391, ,
01-Jul-2025,3555.36,7462225,32745,4695,1953,11483,4,0,11487, ,
01-Aug-2025,3548.18,6977159,31128,4356,92,11189,1182,0,12370, ,
01-Sep-2025,3544.69,6748686,27775,5817,2728,6166,3331,0,9497, ,
01-Oct-2025,3545.46,6798695,19073,9003,10783,6064,1751,0,7815, ,
01-Nov-2025,3543.26,6656410,18740,6132,6280,8399,1,0,8399, ,
01-Dec-2025,3540.31,6468516,14719,5088,5149,8149,0,0,8149, ,
01-Jan-2026, , , , ,652,9898,0, ,9898, ,

*,Min/Max values are based on 30-year period of water years 1980 through 2010. Water years begin on October 1st and end on September 30th.,
**,Inflow is computed based on reservoir release and change in reservoir storage (and reservoir evaporation and change in bank storage when these parameters are accounted for).,
***,Unregulated Inflow adjusts for the effects of operations at upstream reservoirs.  It is computed by adding the change in storage and the evaporation losses from upstream reservoirs to the observed inflow.,
^,Modified Unregulated Inflow applies to Navajo Reservoir only and adjusts the Unregulated Inflow to Navajo Reservoir by the effects of the operation of Azotea Tunnel which exports water from the San Juan River Basin.  It is computed by adding the volume of water exported through the Azotea Tunnel to the Unregulated Inflow for Navajo Reservoir.,